Age,Salary
66,2795
63,2894
31,2338
29,2485
67,2691
31,2948
52,2061
34,2067
26,2247
40,2392
53,2713
47,2879
53,2847
53,2173
33,2567
67,2992
67,2424
42,2196
50,2112
29,2728
35,2039
26,2966
23,2710
37,2609
38,2811
24,2027
67,2816
45,2646
40,2682
62,2709
41,2320
37,2262
39,2666
36,2063
44,2272
49,2715
39,2702
27,2257
58,2438
35,2702
62,2074
37,2425
68,2686
33,2231
41,2431
63,2377
27,2936
30,2024
23,2642
61,2108
61,2037
23,2690
22,2208
23,2645
46,2589
51,2485
51,2578
54,2389
46,2772
23,2063
28,2517
53,2584
54,2402
60,2379
55,2697
30,2979
28,2587
65,2892
32,2772
33,2619
30,2011
41,2634
59,2149
53,2167
54,2491
68,2573
52,2127
35,2467
22,2194
67,2981
38,2989
58,2004
48,2051
63,2317
36,2359
61,2043
38,2936
67,2012
53,2538
36,2868
36,2262
24,2673
26,2454
57,2616
32,2038
60,2182
57,2681
50,2188
56,2295
28,2728
35,2944
63,2253
48,2348
34,2703
52,2178
61,2790
60,2236
52,2599
37,2458
39,2606
42,2324
68,2655
45,2263
47,2197
25,2089
49,2044
59,2663
47,2764
50,2169
49,2470
42,2999
60,2442
21,2659
38,2875
28,2804
45,2916
41,2249
31,2749
44,2704
68,2191
37,2732
21,2875
30,2716
36,2725
43,2381
34,2156
27,2435
54,2004
26,2585
42,2129
23,2982
62,2619
21,2127
40,2840
64,2729
52,2148
53,2163
38,2818
28,2705
65,2560
66,2542
44,2676
42,2253
38,2779
62,2224
66,2623
55,2966
35,2337
24,2945
66,2348
30,2252
28,2688
37,2134
59,2513
33,2438
24,2212
57,2927
59,2916
44,2459
42,2404
32,2485
24,2379
36,2148
43,2077
42,2170
45,2686
61,2810
57,2063
50,2571
49,2168
44,2910
25,2019
40,2280
45,2317
50,2771
42,2037
59,2816
38,2191
32,2192
42,2125
43,2180
42,2205
55,2869
61,2730
62,2116
48,2585
30,2070
24,2384
39,2270
41,2030
42,2390
51,2631
46,2666
40,2757
27,2353
23,2831
49,2072
23,2060
31,2632
23,2876
58,2044
28,2693
48,2741
56,2313
53,2508
67,2406
58,2806
56,2062
48,2550
67,2867
50,2368
37,2632
29,2469
52,2881
61,2147
28,2178
54,2650
57,2031
62,2337
38,2808
38,2307
63,2818
51,2109
50,2375
46,2962
52,2076
66,2735
54,2387
33,2745
58,2139
29,2066
66,2992
38,2945
66,2663
28,2067
23,2044
35,2928
48,2644
42,2522
25,2383
28,2752
40,2613
33,2308
67,2298
59,2764
68,2931
60,2205
36,2499
43,2503
33,2035
45,2205
21,2866
41,2785
39,2773
41,2947
36,2336
54,2983
38,2708
39,2139
30,2384
42,2289
46,2075
33,2560
39,2867
29,2446
36,2183
52,2875
45,2208
36,2124
61,2383
49,2242
64,2330
43,2026
47,2916
59,2115
55,2125
61,2340
33,2694
23,2610
30,2327
39,2358
57,2729
53,2945
61,2914
56,2325
51,2627
25,2791
66,2069
46,2324
54,2724
61,2884
28,2501
44,2971
37,2361
56,2013
33,2560
60,2995
57,2091
63,2924
61,2110
46,2659
28,2875
56,2440
29,2707
51,2445
49,2177
47,2351
62,2418
24,2302
55,2552
58,2529
64,2674
25,2980
67,2680
55,2369
43,2027
34,2713
49,2131
32,2750
59,2124
46,2509
25,2833
65,2842
40,2199
67,2211
45,2137
50,2614
25,2379
55,2633
26,2119
32,2854
28,2752
55,2149
26,2577
43,2542
57,2150
31,2425
33,2817
47,2475
68,2058
50,2664
61,2317
63,2476
64,2841
28,2741
24,2398
34,2958
36,2930
31,2625
50,2694
50,2602
42,2564
64,2868
51,2213
48,2138
29,2491
32,2788
42,2256
25,2350
30,2539
56,2501
28,2101
23,2316
62,2588
58,2026
61,2571
38,2351
33,2210
40,2751
36,2491
47,2183
64,2082
58,2928
39,2278
51,2358
45,2541
43,2389
28,2184
34,2861
51,2446
43,2323
30,2630
60,2195
53,2474
57,2421
26,2940
62,2052
21,2217
59,2722
22,2669
33,2351
50,2008
23,2836
26,2693
48,2577
61,2574
27,2732
41,2626
32,2357
52,2878
67,2636
38,2924
56,2992
67,2923
36,2088
28,2259
65,2670
40,2445
58,2220
49,2529
30,2425
29,2712
65,2765
23,2720
21,2827
60,2401
52,2959
25,2371
22,2372
58,2874
50,2971
42,2685
34,2213
54,2690
36,2710
50,2798
66,2282
43,2736
50,2911
57,2412
28,2079
52,2954
48,2389
57,2627
55,2743
30,2135
42,2761
51,2134
61,2719
59,2112
38,2214
53,2704
53,2058
21,2632
31,2041
46,2012
44,2705
38,2007
66,2481
32,2070
52,2180
43,2783
50,2958
62,2880
36,2433
29,2730
42,2928
59,2942
47,2729
27,2785
40,2019
51,2660
61,2894
39,2040
58,2645
32,2892
44,2085
37,2250
35,2524
40,2762
34,2721
29,2502
52,2510
26,2587
65,2613
44,2640
62,2582
29,2614
62,2315
54,2781
55,2362
27,2044
37,2352
52,2593
49,2438
53,2019
21,2757
42,2533
52,2328
24,2604
29,2457
38,2803
40,2798
32,2537
49,2453
55,2541
63,2150
26,2217
51,2832
27,2495
67,2958
57,2310
60,2573
33,2526
62,2957
40,2778
51,2107
60,2445
63,2369
24,2830
30,2840
54,2345
51,2179
32,2950
37,2689
21,2442
23,2805
67,2688
27,2525
61,2748
48,2598
57,2137
40,2784
49,2089
59,2028
33,2375
31,2469
58,2232
31,2360
35,2204
46,2640
53,2561
35,2838
63,2721
62,2942
32,2040
53,2676
61,2708
42,2138
55,2144
50,2678
26,2418
34,2823
56,2331
50,2109
23,2677
44,2400
53,2003
46,2767
25,2793
59,2251
66,2986
47,2361
45,2004
36,2124
30,2556
36,2101
56,2698
67,2630
51,2400
29,2622
64,2198
51,2831
51,2361
28,2280
26,2669
45,2687
47,2943
61,2473
45,2790
45,2463
28,2015
25,2883
60,2921
56,2530
42,2398
38,2671
64,2515
36,2553
39,2204
23,2535
50,2372
38,2431
29,2395
30,2641
34,2800
57,2999
47,2782
60,2020
46,2637
63,2639
59,2450
39,2208
46,2171
25,2500
59,2513
65,2756
27,2475
60,2290
68,2534
47,2822
26,2766
61,2024
31,2410
55,2776
27,2917
24,2329
58,2920
46,2766
51,2636
38,2972
42,2552
40,2469
29,2867
45,2430
25,2754
46,2846
64,2599
42,2664
54,2199
40,2422
25,2336
32,2431
47,2526
40,2731
40,2191
66,2277
58,2215
33,2351
38,2875
51,2707
23,2102
63,2588
58,2048
43,2055
23,2161
41,2274
41,2687
55,2127
63,2339
49,2955
68,2594
65,2821
34,2680
52,2855
23,2249
54,2881
28,2387
55,2087
51,2094
68,2884
62,2244
51,2054
64,2456
39,2932
63,2596
49,2848
47,2278
44,2444
44,2589
59,2045
67,2704
57,2717
23,2690
37,2253
39,2827
64,2360
39,2303
50,2742
50,2826
31,2150
58,2035
56,2944
68,2042
63,2272
35,2021
51,2206
26,2223
44,2664
67,2766
40,2972
60,2188
39,2836
26,2477
22,2447
41,2894
62,2904
59,2474
26,2426
24,2755
30,2437
60,2679
36,2770
31,2379
61,2155
66,2944
23,2202
36,2041
39,2246
67,2669
29,2272
48,2113
28,2716
22,2932
39,2210
22,2050
37,2682
59,2929
65,2915
61,2610
34,2654
63,2927
36,2601
23,2370
60,2872
28,2465
68,2712
41,2465
37,2114
34,2249
36,2202
52,2192
33,2365
29,2533
54,2208
56,2982
30,2410
24,2011
59,2600
24,2813
59,2704
35,2890
23,2314
25,2955
61,2982
53,2072
51,2398
39,2847
31,2019
61,2662
31,2658
45,2894
53,2671
35,2767
48,2878
42,2235
23,2146
53,2372
59,2932
32,2958
59,2006
24,2066
32,2825
47,2973
55,2984
21,2736
56,2434
36,2349
47,2126
55,2638
59,2629
29,2556
63,2301
53,2217
50,2376
29,2972
52,2722
52,2098
54,2699
21,2165
35,2090
30,2386
60,2956
23,2688
49,2989
58,2244
59,2368
53,2367
63,2155
49,2220
48,2096
33,2609
21,2147
53,2997
38,2662
65,2727
23,2855
64,2923
61,2983
43,2211
41,2911
56,2663
42,2182
51,2826
44,2566
30,2041
64,2717
52,2684
48,2557
28,2711
57,2274
41,2682
26,2491
22,2571
25,2794
25,2880
62,2855
64,2045
33,2928
46,2020
46,2405
36,2018
45,2753
25,2990
38,2955
32,2088
47,2385
58,2453
23,2757
38,2707
68,2897
64,2974
36,2848
33,2799
41,2488
22,2287
21,2365
47,2692
58,2988
25,2523
64,2594
40,2434
50,2362
36,2587
26,2645
31,2456
41,2325
33,2512
30,2038
40,2386
26,2245
63,2343
42,2396
30,2124
32,2464
65,2067
40,2512
46,2439
61,2164
25,2018
43,2769
65,2293
51,2295
40,2306
44,2777
34,2996
25,2934
22,2554
55,2306
52,2677
65,2569
48,2347
31,2880
55,2832
52,2206
66,2597
23,2018
41,2048
42,2704
48,2058
34,2768
23,2484
65,2179
52,2569
37,2686
50,2142
23,2670
67,2509
32,2175
46,2196
55,2249
39,2407
29,2288
58,2727
64,2074
22,2123
25,2168
63,2626
28,2155
68,2993
28,2040
30,2465
65,2098
27,2483
54,2897
38,2313
68,2702
35,2497
67,2748
48,2114
63,2091
59,2873
59,2070
66,2258
56,2587
54,2415
53,2290
32,2915
33,2508
28,2808
30,2516
57,2818
29,2033
42,2438
30,2729
67,2379
55,2578
53,2493
49,2113
54,2163
34,2147
58,2310
59,2468
51,2337
22,2254
24,2831
67,2948
24,2171
39,2508
42,2272
42,2088
57,2378
60,2319
30,2864
52,2953
31,2545
56,2299
41,2381
38,2342
26,2241
56,2994
47,2692
65,2576
59,2676
49,2203
33,2667
25,2134
55,2041
31,2776
51,2815
67,2280
40,2612
58,2763
55,2318
49,2285
51,2980
44,2078
42,2163
31,2608
26,2120
39,2375
34,2042
56,2706
40,2145
35,2105
35,2857
26,2919
67,2353
53,2683
32,2191
44,2082
42,2629
24,2381
29,2738
54,2121
66,2391
52,2787
55,2939
44,2518
34,2751
44,2878
31,2338
21,2879
46,2544
34,2699
36,2601
63,2306
47,2478
64,2769
60,2030
61,2174
61,2853
59,2825
29,2013
48,2932
46,2275
38,2981
30,2364
26,2682
43,2820
35,2712
47,2942
54,2016
29,2113
28,2242
24,2976
66,2736
60,2070
25,2676
62,2851
24,2143
68,2554
25,2728
26,2092
54,2522
28,2071
50,2678
53,2883
49,2459
65,2826
25,2009
38,2462
40,2793
68,2797
46,2955
27,2968
29,2898
22,2808
51,2150
35,2798
68,2563
67,2280
28,2797
58,2962
35,2595
66,2250
52,2245
43,2068
55,2529
25,2201
56,2352
66,2181
62,2421
43,2980
28,2967
31,2003
41,2841
39,2486
46,2587
27,2797
27,2131
44,2102
50,2328
35,2370
32,2746
36,2654
62,2649
39,2028
38,2320
40,2906
51,2882
23,2891
44,2712
51,2817
43,2840
52,2546
38,2598
29,2301
41,2305
43,2898
21,2928
64,2245
44,2693
62,2880
43,2358
56,2642
36,2164
33,2111
42,2466
54,2342
50,2314
46,2219
52,2460
51,2180
66,2782
41,2268
58,2800
50,2905
31,2290
41,2865
40,2608
67,2184
38,2239
67,2813
48,2456
45,2237
53,2368
55,2834
43,2288
40,2661
40,2251
23,2893
27,2461
66,2821
43,2117
26,2622
62,2873
45,2843
45,2379
29,2458
48,2854
68,2877
65,2313
43,2618
66,2566
53,2348
39,2341
25,2571
50,2593
51,2718
29,2537
23,2710
28,2644
58,2958
34,2351
59,2773
30,2797
52,2616
22,2399
67,2159
45,3000
68,2519
33,2600
31,2297
66,2809
45,2838
61,2804
65,2519
30,2188
22,2892
45,2043
21,2714
29,2908
21,2074
44,2440
61,2404
32,2310
67,2845
37,2192
52,2359
55,2317
31,2505
21,2888
53,2972
33,2513
68,2996
28,2045
60,2290
25,2713
32,2622
67,2949
62,2251
46,2971
58,2338
23,2098
22,2267
56,2733
56,2694
63,2091
63,2695
43,2693
29,2216
34,2157
57,2749
26,2053
51,2677
66,2866
45,2509
62,2358
44,2800
41,2684
29,2193
45,2733
33,2375
51,2004
64,2710
41,2480
61,2605
28,2659
46,2427
41,2681
49,2291
55,2352
34,2259
28,2002
35,2162
39,2601
66,2235
57,2277
48,2132
27,2289
56,2818
57,2203
26,2857
56,2284
49,2575
55,2425
67,2889
52,2827
22,2330
36,2803
43,2790
49,2552
25,2465
52,2121
28,2106
38,2888
40,2128
63,2785
62,2376
34,2065
59,2121
30,2676
26,2869
29,2722
35,2146
64,2671
62,2974
38,2783
42,2745
26,2467
25,2671
61,2820
55,2940
68,2808
22,2294
41,2777
65,2878
52,2235
67,2295
46,2406
48,2923
48,2837
36,2304
63,2280
58,2150
51,2708
44,2794
48,2167
42,2206
47,2788
42,2639
41,2437
56,2715
22,2917
31,2050
35,2778
54,2700
31,2415
48,2414
48,2369
28,2497
46,2631
44,2846
68,2294
64,2193
26,2242
52,2856
53,2470
45,2091
66,2025
64,2816
30,2715
67,2255
40,2786
64,2072
25,2451
49,2338
53,2929
49,2157
33,2270
40,2522
25,2604
35,2844
39,2290
24,2459
22,2202
67,2469
50,2341
26,2532
67,2052
54,2989
50,2865
67,2110
59,2594
46,2946
28,2841
42,2033
34,2129
25,2880
36,2828
63,2631
21,2818
50,2030
66,2623
37,2159
56,2212
55,2246
65,2119
37,2808
29,2644
37,2602
26,2534
68,2346
44,2373
44,2266
36,2820
49,2732
68,2340
42,2886
62,2138
26,2580
28,2447
52,2328
68,2413
24,2425
23,2544
43,2822
31,2564
58,2359
66,2212
26,2884
47,2676
57,2267
58,2454
36,2285
58,2407
57,2851
53,2711
43,2735
62,2665
62,2702
35,2987
54,2143
23,2260
55,2447
68,2486
22,2988
52,2290
61,2050
31,2247
56,2712
54,2262
58,2607
56,2403
45,2607
39,2692
21,2941
41,2863
42,2167
29,2254
23,2918
37,2317
67,2746
37,2138
26,2021
21,2733
40,2177
27,2135
57,2847
22,2578
29,2839
53,2122
44,2811
62,2081
37,2344
34,2410
47,2220
21,2788
34,2156
33,2582
36,2793
43,2838
39,2847
66,2641
36,2261
29,2835
45,2510
36,2454
30,2029
62,2502
64,2600
52,2433
51,2118
44,2453
38,2146
27,2970
44,2505
65,2892
34,2601
24,2186
40,2893
53,2731
63,2485
38,2781
54,2262
51,2635
57,2449
58,2398
43,2874
38,2248
67,2759
40,2152
64,2122
55,2115
37,2536
66,2603
52,2870
55,2548
28,2095
41,2547
27,2214
23,2194
65,2574
68,2878
29,2513
38,2440
26,2389
33,2228
44,2704
28,2985
48,2235
63,2548
45,2328
38,2993
47,2370
33,2200
64,2592
46,2847
63,2259
57,2143
36,2159
68,2593
60,2502
67,2047
62,2198
60,2869
63,2455
49,2459
25,2423
28,2170
55,2681
37,2802
22,2789
50,2828
23,2520
50,2471
44,2026
63,2966
40,2663
24,2630
63,2771
67,2528
33,2942
63,2219
40,2490
49,2130
49,2230
46,2196
38,2397
48,2615
68,2782
33,2395
68,2340
64,2892
59,2798
53,2761
55,2202
36,2404
56,2595
56,2733
56,2463
23,2903
59,2860
29,2863
39,2346
66,2044
28,2825
43,2732
40,2037
62,2887
65,2341
44,2482
60,2334
45,2800
39,2189
43,2974
52,2204
54,2058
42,2081
51,2125
50,2353
68,2465
57,2872
42,2861
67,2238
23,2677
21,2901
64,2888
57,2051
39,2582
35,2802
55,2765
62,2169
35,2737
63,2693
53,2129
23,2602
32,2261
61,2655
28,2313
65,2848
26,2364
51,2756
54,2546
40,2880
68,2472
64,2450
24,2589
64,2062
54,2797
28,2496
34,2493
36,2793
54,2979
37,2806
41,2622
44,2040
39,2887
34,2836
44,2746
36,2643
28,2173
60,2539
55,2800
29,2447
57,2942
68,2530
35,2937
40,2040
66,2925
46,2455
52,2899
68,2733
44,2381
46,2556
49,2305
29,2098
51,2418
56,2162
68,2022
24,2533
57,2707
62,2908
58,2639
48,2820
45,2779
47,2367
49,2848
47,2958
48,2006
39,2549
60,2590
22,2512
32,2571
60,2306
39,2029
65,2459
67,2148
52,2821
44,2833
30,2505
32,2771
62,2518
30,2051
54,2754
52,2117
58,2369
60,2203
38,2996
65,2448
40,2081
28,2140
35,2984
47,2314
25,2694
25,2370
63,2180
68,2200
52,2159
55,2057
38,2733
42,2905
58,2769
46,2984
39,2802
58,2880
51,2219
61,2822
51,2612
59,2339
22,2972
68,2674
58,2853
61,2087
41,2592
57,2603
23,2153
25,2526
21,2060
23,2220
58,2937
50,2563
67,2224
44,2859
34,2702
46,2410
63,2413
59,2936
31,2707
54,2753
62,2633
25,2941
41,2753
38,2227
33,2346
49,2803
44,2186
34,2818
44,2766
31,2549
59,2545
62,2139
58,2406
60,2772
40,2642
37,2995
56,2320
42,2613
58,2009
25,2768
43,2459
34,2968
57,2042
55,2839
68,2145
29,2944
29,2970
35,2846
23,2552
29,2699
49,2895
50,2214
44,2193
30,2295
52,2940
64,2461
43,2233
21,2445
47,2452
56,2283
66,2117
64,2114
34,2592
22,2832
63,2479
52,2678
50,2276
42,2691
31,2981
36,2118
66,2367
63,2283
48,2819
33,2489
58,2176
49,2151
44,2738
68,2151
22,2947
44,2080
46,2666
45,2317
58,2704
60,2280
65,2219
41,2728
64,2459
64,2452
53,2783
60,2145
32,2744
48,2687
55,2966
63,2052
48,2028
68,2202
22,2186
58,2773
57,2555
32,2872
22,2185
47,2892
52,2591
53,2119
33,2866
37,2126
58,2028
41,2524
30,2324
58,2773
30,2830
32,2951
26,2722
45,2916
22,2203
48,2717
27,2517
66,2799
46,2983
21,2727
37,2550
39,2950
36,2831
26,2062
59,2806
37,2660
24,2824
47,2822
53,2945
41,2963
46,2889
47,2524
24,2500
46,2172
39,2397
24,2471
56,2350
67,2954
24,2949
27,2105
64,2929
52,2379
57,2204
56,2990
68,2035
47,2852
53,2198
48,2360
60,2861
46,2103
59,2225
53,2664
58,2509
40,2052
60,2683
45,2519
33,2769
57,2882
36,2562
50,2880
33,2956
38,2646
26,2126
21,2133
63,2349
54,2383
65,2149
49,2443
54,2488
50,2258
21,2199
61,2434
50,2153
29,2683
56,2580
28,2678
52,2444
32,2627
36,2811
34,2069
44,2280
64,2938
59,2024
34,2631
28,2865
61,2987
31,2054
64,2058
56,2446
22,2216
56,2584
67,2065
39,2940
61,2087
66,2134
59,2065
68,2272
47,2424
38,2587
44,2696
48,2389
44,2139
57,2862
44,2273
51,2806
60,2252
40,2485
64,2140
25,2976
29,2491
68,2580
47,2824
37,2703
58,2302
37,2058
40,2672
62,2484
26,2332
60,2685
23,2350
22,2217
34,2373
37,2445
34,2207
59,2884
65,2338
59,2124
39,2569
41,2025
68,2710
23,2633
58,2600
35,2694
40,2793
39,2548
60,2850
42,2005
36,2376
63,2865
40,2110
60,2800
23,2397
45,2848
39,2927
44,2063
67,2910
29,2216
65,2431
64,2675
40,2696
66,2022
65,2636
49,2981
68,2264
59,2487
58,2514
53,2419
25,2630
29,2272
44,2741
48,2153
29,2717
46,2214
62,2627
30,2915
57,2175
66,2769
66,2215
33,2096
68,2456
62,2615
25,2753
40,2571
46,2402
61,2119
66,2212
32,2143
46,2907
67,2351
61,2391
22,2018
65,2628
38,2033
36,2623
57,2409
61,2566
25,2538
62,2926
65,2572
43,2599
44,2877
58,2234
58,2390
35,2977
36,2749
56,2481
44,2033
29,2069
43,2758
22,2885
24,2789
43,2348
39,2465
49,2577
48,2262
53,2264
44,2938
50,2453
44,2196
35,2265
59,2534
54,2164
54,2988
54,2522
46,2674
60,2468
61,2470
24,2709
40,2380
31,2584
32,2164
39,2300
44,2334
22,2317
21,2141
32,2963
21,2748
37,2956
52,2779
24,2710
47,2086
42,2730
24,2041
25,2074
57,2883
50,2343
64,2139
27,2534
57,2244
45,2445
53,2821
62,2713
41,2079
46,2979
23,2090
38,2294
59,2141
65,2999
58,2220
23,2889
54,2691
59,2210
25,2989
23,2011
31,2992
21,2597
28,2233
67,2159
26,2688
50,2994
30,2018
64,2961
54,2423
47,2959
28,2056
47,2616
33,2267
23,2414
39,2286
37,2099
21,2995
45,2590
54,2839
24,2509
30,2485
55,2011
48,2375
21,2758
61,2879
35,2866
53,2689
49,2763
37,2281
31,2709
60,2796
56,2524
44,2894
28,2391
56,2330
42,2430
64,2642
66,2957
23,2723
55,2020
57,2215
39,2474
64,2375
24,2065
68,2245
23,2445
23,2523
30,2221
35,2532
50,2966
21,2994
23,2468
41,2708
28,2416
31,2649
26,2686
34,2592
26,2991
39,2114
46,2524
59,2329
57,2934
46,2188
42,2454
21,2810
30,2162
39,2775
30,2665
48,2518
27,2345
28,2972
63,2602
67,2768
50,2683
33,2274
41,2676
56,2380
54,2405
66,2677
58,2969
66,2638
53,2081
54,2798
65,2653
34,2070
67,2363
61,2283
60,2873
59,2855
25,2548
24,2364
60,2092
41,2402
41,2623
68,2255
39,2895
58,2529
65,2407
30,2798
37,2244
61,2500
44,2703
58,2729
51,2506
66,2617
54,2479
45,2404
33,2497
27,2634
24,2165
29,3000
32,2821
68,2451
58,2205
65,2052
45,2292
30,2056
62,2636
37,2724
45,2463
40,2777
57,2102
32,2448
26,2744
46,2645
28,2368
41,2033
21,2266
21,2116
67,2194
66,2968
52,2513
23,2757
60,2382
42,2939
33,2134
49,2335
27,2357
28,2778
42,2045
46,2356
39,2137
67,2755
44,2472
25,2797
66,2005
56,2039
30,2901
67,2537
29,2482
43,2262
31,2717
56,2655
65,2557
22,2729
24,2282
49,2070
23,2643
67,2163
39,2106
46,2022
45,2750
33,2620
45,2311
60,2092
68,2082
64,2688
44,2057
39,2644
39,2339
52,2407
27,2013
61,2467
51,2020
26,2566
51,2482
54,2062
51,2115
52,2161
68,2051
64,2371
55,2995
24,2790
55,2930
22,2891
24,2807
43,2273
65,2074
50,2587
40,2847
53,2380
67,2239
68,2179
40,2006
24,2773
41,2964
61,2844
44,2932
30,2672
54,2325
31,2190
61,2916
49,2042
48,2211
38,2942
26,2044
60,2855
39,2991
31,2928
22,2994
37,2222
66,2940
60,2630
42,2013
58,2869
54,2931
37,2901
26,2032
28,2410
25,2148
61,2641
34,2873
29,2294
26,2996
26,2867
32,2409
21,2418
61,2368
67,2990
24,2170
48,2049
59,2380
21,2325
53,2418
63,2051
44,2684
46,2342
61,2524
50,2239
48,2902
34,2890
62,2816
63,2785
52,2150
58,2573
26,2120
23,2638
23,2430
65,2635
41,2780
29,2397
50,2258
47,2792
41,2875
22,2609
39,2083
24,2075
25,2748
26,2279
48,2262
22,2090
43,2885
27,2243
56,2357
34,2885
52,2264
31,2476
59,2745
27,2375
45,2774
36,2305
29,2345
58,2029
46,2277
29,2265
63,2385
28,2811
64,2515
46,2178
39,2580
51,2945
62,2697
62,2247
51,2019
36,2539
35,2364
63,2026
30,2265
57,2935
28,2206
59,2149
22,2330
37,2607
35,2605
35,2504
39,2142
29,2417
53,2214
27,2177
51,2229
40,2810
41,2447
34,2757
46,2134
63,2937
50,2460
36,2327
50,2590
44,2181
48,2441
59,2505
55,2725
51,2550
38,2724
26,2576
56,2052
65,2276
50,2933
37,2087
62,2072
62,2160
46,2783
45,2620
41,2728
53,2173
58,2390
57,2486
59,2621
57,2653
61,2435
40,2866
67,2891
51,2704
54,2804
58,2973
35,2800
41,2268
21,2085
40,2037
46,2339
51,2327
51,2062
28,2237
36,2661
58,2351
45,2332
40,2586
23,2776
26,2387
40,2836
26,2561
62,2545
49,2292
47,2387
22,2904
49,2968
60,2966
60,2304
29,2377
50,2471
59,2169
48,2658
60,2202
29,2088
36,2515
51,2787
27,2937
59,2261
63,2968
32,2956
68,2786
39,2922
50,2078
53,2707
68,2445
54,2937
37,2763
67,2437
34,2166
41,2790
35,2176
54,2805
40,2430
39,2216
28,2483
28,2605
48,2539
59,2780
60,2007
32,2082
52,2359
35,2144
67,2417
48,2961
64,2074
47,2027
26,2215
29,2678
31,2179
43,2341
62,2278
49,2559
21,2361
45,2455
25,2117
46,2784
38,2888
65,2949
62,2744
59,2401
50,2024
21,2516
43,2600
23,2036
56,2917
68,2157
37,2421
52,2876
63,2411
23,2540
60,2498
42,2949
66,2409
32,2006
47,2903
42,2869
57,2037
66,2989
38,2897
52,2370
31,2976
40,2612
64,2274
46,2056
64,2554
45,2573
66,2116
29,2775
52,2604
27,2035
55,2566
27,2906
46,2023
33,2774
62,2304
30,2857
60,2474
42,2718
67,2995
68,2557
54,2205
50,2573
53,2298
22,2547
51,2960
34,2219
63,2316
36,2232
42,2674
27,2521
45,2478
43,2739
58,2651
38,2377
40,2204
54,2927
65,2313
43,2291
41,2896
56,2994
23,2251
40,2011
47,2594
41,2151
48,2938
46,2564
27,2593
36,2273
47,2193
38,2865
29,2744
47,2629
31,2603
44,2310
67,2519
59,2663
22,2554
42,2522
50,2108
41,2638
47,2404
54,2227
53,2519
62,2700
45,2637
26,2226
44,2600
46,2667
45,2821
52,2420
56,2877
41,2327
63,2868
64,2177
39,2805
43,2329
29,2765
45,2906
52,2090
49,2694
39,2145
24,2357
34,2047
52,2569
40,2466
33,2231
39,2499
31,2771
58,2712
66,2690
65,2640
33,2532
25,2094
32,2822
38,2002
45,2809
35,2638
21,2194
28,2971
66,2012
34,2968
28,2728
29,2107
37,2234
52,2387
37,2467
40,2772
45,2818
50,2985
29,2410
61,2361
57,2846
59,2731
36,2165
34,2010
65,2432
50,2405
52,2416
64,2356
55,2025
32,2328
30,2168
36,2150
59,2024
66,2069
50,2567
54,2801
63,2387
62,2714
33,2261
67,2529
22,2052
63,2682
40,2747
23,2949
48,2337
55,2854
55,2625
50,2680
49,2125
33,2354
63,2011
66,2169
41,2619
46,2022
38,2331
47,2862
49,2681
37,2558
39,2435
37,2892
44,2382
28,2759
65,2331
38,2709
26,2082
24,2931
54,2999
47,2915
51,2537
52,2457
63,2616
27,2138
40,2557
61,2666
21,2092
45,2678
33,2724
26,2834
43,2224
34,2116
23,2435
45,2033
49,2426
35,2437
63,2723
27,2634
66,2330
63,2678
49,2316
23,2844
42,2174
38,2241
66,2020
38,2297
25,2579
24,2657
48,2828
66,2612
35,2045
50,2813
62,2354
38,2705
31,2524
60,2590
65,2254
68,2777
42,2075
28,2453
54,2425
65,2005
23,2852
67,2281
65,2691
42,2716
45,2811
26,2282
48,2635
63,2460
55,2882
22,2943
50,2395
64,2292
46,2881
46,2412
62,2739
28,2511
64,2551
66,2164
44,2779
49,2392
25,2153
55,2194
63,2896
68,2041
47,2082
37,2376
21,2211
27,2823
39,2841
34,2831
34,2583
29,2424
60,2698
42,2914
51,2399
21,2243
41,2868
37,2001
60,2810
59,2957
44,2034
27,2014
32,2372
55,2334
41,2710
65,2385
66,2179
63,2298
41,2374
29,2774
52,2886
33,2561
58,2995
40,2793
59,2573
68,2958
34,2516
35,2094
35,2398
65,2111
58,2538
54,2584
59,2524
23,2190
50,2671
35,2196
55,2485
37,2159
65,2949
34,2795
67,2911
53,2876
36,2473
37,2046
68,2062
47,2421
55,2863
53,2129
40,2455
61,2530
33,2995
36,2078
36,2201
23,2192
59,2191
54,2169
67,2773
56,2307
24,2099
66,2105
30,2932
63,2009
23,2279
32,2554
46,2748
32,2335
39,2811
58,2486
34,2397
42,2964
49,2360
60,2518
33,2146
22,2430
66,2548
55,2738
56,2341
42,2877
52,2405
59,2847
37,2891
34,2066
23,2063
43,2616
45,2867
33,2056
60,2431
53,2321
52,2207
27,2184
42,2404
40,2292
64,2696
45,2894
21,2817
67,2237
46,2568
23,2796
21,2044
22,2727
58,2135
40,2979
22,2926
29,2899
50,2166
24,2445
56,2490
49,2019
37,2978
26,2871
63,2477
39,2405
42,2946
28,2476
47,2548
65,2263
52,2697
60,2752
23,2734
61,2737
23,2838
33,2344
68,2669
45,2315
60,2424
61,2645
21,2482
22,2936
34,2374
60,2596
67,2882
26,2612
27,2927
65,2971
65,2844
58,2423
43,2588
58,2610
51,2373
60,2511
41,2402
22,2934
60,2302
63,2586
63,2355
45,2069
30,2716
65,2546
41,2870
36,2573
29,2865
38,2211
54,2311
49,2947
46,2844
35,2649
21,2458
21,2829
58,2937
38,2797
46,2830
51,2681
51,2808
66,2372
27,2460
37,2709
28,2862
38,2691
24,2883
63,2996
51,2479
21,2659
45,2881
29,2258
42,2594
49,2177
23,2156
34,2067
45,2036
40,2297
46,2744
61,2043
29,2436
68,2011
59,2744
52,2383
53,2715
58,2070
61,2501
23,2472
31,2722
22,2025
45,2464
66,2053
62,2368
60,2682
29,2636
64,2003
22,2042
21,2271
31,2355
33,2934
30,2705
68,2355
45,2356
61,2265
40,2701
43,2522
24,2548
30,2323
65,2407
28,2537
49,2015
31,2168
63,2341
27,2004
57,2465
42,2687
40,2008
42,2288
30,2137
26,2479
22,2362
26,2743
50,2628
23,2829
44,2801
41,2738
35,2415
38,2151
39,2036
35,2929
49,2984
67,2414
54,2929
54,2347
48,2975
52,2181
28,2961
28,2201
42,2757
22,2117
53,2942
63,2734
59,2519
51,2451
56,2961
66,2500
41,2776
51,2712
57,2189
24,2527
41,2921
54,2286
67,2380
24,2427
35,2948
66,2790
28,2145
36,2744
43,2230
32,2219
63,2885
49,2758
24,2384
34,2474
31,2577
41,2390
22,2980
46,2685
39,2450
43,2623
50,2575
55,2810
48,2721
38,2216
42,2830
36,2541
61,2236
43,2459
36,2008
38,2016
56,2224
64,2268
57,2905
61,2329
30,2029
34,2084
28,2733
27,2966
66,2273
59,2212
39,2398
38,2571
34,2087
43,2239
35,2233
68,2359
40,2490
44,2840
61,2530
64,2084
58,2002
22,2822
49,2556
55,2279
36,2823
56,2287
59,2312
63,2865
53,2908
28,2951
28,2427
24,2139
66,2548
40,2180
44,2807
21,2397
23,2762
34,2565
53,2545
46,2224
64,2169
21,2854
27,2039
64,2037
37,2734
29,2111
64,2661
59,2886
39,2300
55,2158
48,2741
33,2232
59,2417
43,2734
64,2147
55,2900
55,2058
52,2783
52,2310
33,2124
50,2601
44,2029
39,2626
53,2544
22,2502
42,2222
37,2277
59,2708
30,2925
29,2845
29,2575
47,2660
61,2738
66,2305
49,2061
37,2501
50,2399
31,2903
25,2585
61,2386
31,2657
35,2890
67,2276
35,2319
21,2581
39,2980
66,2573
51,2265
42,2734
60,2479
27,2556
44,2236
39,2258
42,2604
62,2058
45,2357
26,2684
64,2152
43,2534
39,2206
50,2771
55,2618
48,2731
34,2053
57,2823
50,2209
52,2156
60,2726
34,2133
61,2638
23,2234
34,2368
39,2252
21,2221
54,2966
49,2675
38,2226
37,2038
45,2031
46,2751
29,2701
52,2478
52,2845
23,2619
66,2951
61,2948
33,2190
59,2526
31,2778
54,2589
40,2669
55,2304
37,2273
39,2861
21,2878
42,2303
68,2830
43,2286
53,2410
21,2479
39,2149
39,2881
26,2865
32,2623
40,2716
43,2660
68,2741
48,2129
27,2384
52,2114
35,2048
37,2800
42,2285
51,2037
22,2739
54,2631
59,2242
65,2298
29,2184
29,2261
49,2841
46,2877
60,2402
40,2680
24,2334
32,2408
64,2587
43,2282
59,2586
26,2902
61,2894
51,2734
24,2153
45,2393
35,2337
64,2130
42,2495
30,2831
37,2741
67,2816
25,2965
45,2418
58,2772
57,2035
39,2832
29,2972
27,2844
32,2869
53,2359
66,2683
58,2308
55,2868
21,2381
23,2773
41,2212
63,2206
27,2729
40,2643
59,2657
54,2042
58,2437
22,2570
47,2176
35,2521
60,2076
68,2240
51,2316
67,2576
23,2880
38,2254
38,2891
29,2125
59,2194
33,2649
54,2408
67,2919
58,2220
30,2520
21,2762
32,2951
51,2791
40,2394
63,2041
46,2345
62,2357
42,2334
35,2603
42,2485
64,2135
30,2036
55,2855
38,2262
66,2040
56,2723
37,2538
29,2774
60,2202
67,2212
31,2938
37,2934
55,2145
63,2265
54,2006
48,2268
27,2711
46,2646
54,2180
55,2864
23,2406
67,2933
30,2742
25,2518
36,2821
56,2572
26,2343
49,2530
48,2689
53,2161
45,2488
33,2951
64,2990
31,2315
58,2206
61,2769
31,2097
30,2451
43,2919
52,2624
38,2413
45,2750
25,2339
53,2348
22,2383
23,2841
42,2843
30,2916
53,2611
33,2464
45,2410
21,2222
55,2037
60,2976
45,2092
45,2628
54,2852
34,2337
39,2560
48,2729
53,2238
25,2387
31,2608
42,2778
26,2668
61,2404
57,2108
42,2512
49,2763
65,2923
52,2295
58,2594
62,2412
52,2009
31,2089
30,2017
43,2122
41,2118
21,2647
62,2535
68,2831
44,2358
53,2558
61,2649
46,2787
63,2135
28,2882
41,2948
42,2535
40,2131
66,2290
33,2670
44,2332
64,2154
45,2264
52,2220
50,2728
58,2755
42,2867
56,2226
65,2317
36,2829
46,2069
22,2856
35,2638
57,2257
21,2110
55,2824
65,2033
22,2720
67,2631
22,2909
50,2242
55,2406
42,2093
61,2677
41,2721
56,2783
31,2821
32,2049
49,2548
50,2713
53,2476
39,2553
68,2788
34,2487
58,2954
60,2668
46,2709
25,2808
67,2213
63,2640
23,2544
68,2374
60,2732
53,2284
56,2462
52,2225
45,2021
38,2829
40,2519
57,2020
43,2374
57,2051
40,2324
28,2395
39,2258
59,2473
44,2699
45,2192
38,2531
61,2463
24,2148
33,2045
50,2666
42,2312
64,2565
21,2595
37,2947
56,2851
60,2503
56,2445
68,2316
24,2609
38,2570
36,2692
30,2872
47,2034
48,2253
60,2988
36,2275
46,2665
52,2216
28,2830
23,2625
32,2663
43,2756
21,2030
35,2390
43,2021
40,2977
46,2247
49,2344
30,2063
56,2553
34,2627
45,2005
30,2897
56,2721
53,2094
56,2671
53,2742
60,2054
31,2165
24,2149
31,2675
65,2744
28,2203
29,2399
23,2950
23,2563
26,2586
41,2364
45,2805
39,2654
24,2076
63,2882
66,2261
55,2907
51,2928
41,2922
33,2825
30,2457
58,2911
23,2845
26,2400
24,2554
41,2707
68,2900
57,2102
64,2206
51,2690
25,2571
50,2939
32,2717
63,2284
49,2084
44,2170
31,2795
31,2798
48,2936
35,2248
22,2740
47,2174
67,2094
64,2641
37,2084
53,2126
61,2766
45,2555
68,2857
43,2377
33,2776
64,2302
32,2803
49,2651
38,2609
29,2841
67,2333
38,2079
58,2130
47,2836
60,2733
67,2115
66,2389
38,2386
25,2404
35,2646
45,2047
63,2056
39,2519
35,2490
33,2415
55,2444
58,2831
30,2996
22,2165
65,2302
61,2885
64,2399
54,2698
56,2127
38,2725
42,2473
65,2888
33,2451
54,2837
28,2912
24,2372
30,2493
39,2909
37,2420
41,3000
43,2904
41,2741
57,2796
54,2970
50,2438
53,2507
48,2038
32,2843
34,2504
58,2142
48,2523
36,2610
52,2871
47,2733
21,2748
31,2727
43,2938
65,2714
53,2718
25,2988
37,2101
25,2682
61,2486
35,2205
35,2100
35,2288
23,2735
57,2309
35,2173
22,2881
29,2236
54,2597
46,2159
64,2442
45,2020
39,2579
40,2807
32,2948
68,2246
44,2122
24,2363
29,2919
60,2291
38,2272
67,2149
35,2039
40,2102
38,2328
67,2370
54,2404
38,2232
56,2002
36,2704
41,2718
60,2490
62,2220
43,2303
21,2668
51,2531
46,2801
36,2898
49,2753
47,2782
27,2422
60,2966
63,2623
59,2195
43,2472
62,2914
43,2065
24,2189
26,2355
59,2568
41,2357
24,2163
53,2762
57,2937
50,2547
57,2153
47,2652
27,2041
50,2729
59,2404
30,2648
68,2320
49,2768
36,2859
47,2972
26,2125
40,2119
54,2201
23,2835
41,2299
31,2400
22,2273
68,2505
42,2050
48,2961
23,2109
31,2429
68,2998
42,2198
30,2510
37,2425
59,2456
66,2139
39,2188
60,2492
34,2679
21,2242
53,2385
40,2966
60,2208
56,2616
62,2062
51,2233
61,2274
49,2725
59,2287
22,2858
54,2351
64,2113
26,2488
38,2161
65,2693
36,2580
61,2258
59,2415
47,2348
54,2776
23,2348
47,2808
52,2730
53,2619
25,2677
21,2633
21,2053
63,2835
31,2229
35,2522
60,2809
66,2647
22,2206
57,2139
30,2958
37,2240
65,2102
63,2119
61,2683
60,2704
36,2571
49,2083
53,2407
57,2094
38,2503
68,2090
63,2011
27,2294
51,2832
45,2583
61,2748
38,2995
23,2274
28,2741
28,2738
42,2098
24,2160
53,2403
54,2396
52,2117
32,2691
37,2542
50,2949
46,2299
65,2016
26,2878
58,2040
27,2385
64,2158
43,2112
51,2894
45,2621
39,2437
28,2532
33,2249
42,2554
25,2021
65,2670
64,2581
55,2888
39,2992
39,2730
57,2024
63,2809
24,2299
41,2008
46,2638
38,2842
44,2008
65,2096
59,2580
54,2330
31,2392
58,2975
62,2687
58,2369
53,2547
63,2646
53,2286
22,2864
61,2943
40,2789
65,2009
29,2158
67,2069
39,2676
43,2242
47,2157
57,2508
59,2836
29,2213
61,2455
52,2644
66,2629
33,2389
26,2443
61,2560
23,2141
50,2846
49,2928
42,2777
53,2193
52,2741
37,2097
46,2499
33,2200
60,2897
50,2243
43,2437
35,2829
45,2422
49,2733
35,2007
68,2238
57,2533
34,2966
30,2446
43,2419
59,2345
53,2807
42,2698
26,2471
46,2945
58,2089
52,2056
39,2925
40,2628
60,2203
56,2774
33,2758
61,2518
21,2875
43,2666
63,2253
42,2381
55,2580
43,2388
34,2748
61,2485
38,2813
38,2425
51,2809
27,2206
56,2409
55,2916
21,2540
44,2883
27,2225
37,2329
42,2206
42,2799
64,2367
48,2166
34,2435
25,2833
36,2285
23,2130
68,2697
65,2694
39,2181
67,2154
41,2012
45,2107
38,2435
30,2115
35,2704
40,2458
45,2494
37,2484
34,2688
35,2629
25,2497
24,2538
36,2489
28,2981
57,2397
21,2774
65,2299
34,2414
43,2782
41,2515
38,2496
34,2487
52,2626
47,2513
27,2296
47,2079
37,2235
41,2183
48,2310
58,2447
36,2208
26,2503
54,2577
38,2077
65,2340
59,2165
28,2523
26,2977
36,2028
35,2261
52,2825
32,2915
37,2841
62,2165
22,2001
32,2179
34,2782
62,2870
37,2902
23,2350
30,2369
21,2704
37,2214
55,2026
64,2989
44,2706
68,2717
37,2713
29,2078
29,2945
68,2610
52,2047
44,2360
40,2480
45,2112
47,2539
26,2004
51,2259
55,2060
31,2807
59,2979
39,2780
41,2318
37,2309
44,2828
22,2682
44,2551
54,2199
36,2014
57,2587
58,2136
39,2758
65,2333
59,2832
63,2971
23,2496
58,2519
52,2158
25,2044
53,2923
68,2536
32,2404
55,2899
32,2016
51,2283
27,2218
24,2655
31,2392
48,2585
26,2101
26,2810
61,2962
64,2196
54,2525
43,2001
24,2539
34,2811
47,2143
51,2225
58,2885
33,2119
37,2156
42,2937
33,2649
47,2801
28,2637
52,2260
54,2390
61,2644
47,2893
32,2889
58,2498
39,2885
23,2308
49,2045
42,2839
62,2296
53,2380
49,2457
47,2341
44,2935
25,2203
63,2027
59,2102
40,2719
40,2613
55,2236
39,2045
49,2839
22,2243
53,2104
54,2152
27,2327
53,2627
25,2128
53,2141
41,2440
61,2533
39,2498
27,2015
29,2519
22,2770
39,2919
48,2645
62,2601
34,2645
32,2782
46,2792
64,2848
42,2327
54,2268
30,2131
63,2279
44,2136
57,2961
54,2483
40,2563
53,2079
34,2169
66,2679
39,2819
33,2000
31,2296
45,2359
67,2737
40,2833
51,2355
27,2579
21,2138
36,2921
51,2863
27,2466
31,2495
31,2377
62,2969
50,2213
44,2531
49,2084
65,2678
53,2173
32,2409
22,2325
56,2861
38,2403
29,2297
21,2874
47,2005
59,2444
34,2831
32,2183
55,2433
65,2597
21,2737
23,2052
40,2084
42,2374
63,2754
56,2489
59,2416
62,2825
40,2683
23,2835
60,2608
62,2281
36,2997
50,2444
58,2370
53,2727
47,2069
28,2502
27,2344
54,2108
60,2026
58,2578
41,2505
68,2460
33,2560
33,2018
27,2764
48,2702
49,2240
50,2713
30,2921
53,2716
33,2016
50,2133
36,2458
38,2491
31,2024
55,2932
30,2461
50,2770
66,2346
67,2675
52,2660
49,2318
27,2839
45,2471
44,2438
30,2863
62,2196
65,2584
25,2828
21,2750
48,2823
53,2353
57,2904
65,2156
32,2707
53,2382
54,2374
27,2804
63,2033
47,2739
22,2170
41,2796
36,2602
30,2018
37,2527
62,2209
61,2761
58,2052
38,2213
31,2372
58,2474
46,2310
35,2626
67,2522
34,2964
42,2573
64,2317
51,2182
50,2623
56,2823
49,2823
60,2257
47,2336
28,2852
36,2142
38,2846
30,2780
28,2209
47,2722
40,2019
26,2321
50,2853
39,2592
28,2536
30,2838
26,2854
28,2194
44,2319
47,2857
36,2335
21,2392
63,2858
67,2652
26,2736
57,2250
66,2225
47,2947
35,2183
64,2110
62,2089
57,2035
35,2925
54,2623
56,2115
36,2922
50,2041
32,2575
53,2732
59,2347
53,2050
26,2634
60,2921
57,2567
34,2520
60,2815
38,2092
28,2181
25,2037
35,2701
24,2581
35,2909
67,2997
44,2621
39,2548
35,2060
23,2753
39,2809
45,2580
50,2709
53,2048
44,2837
45,2261
35,2086
37,2946
53,2827
66,2460
30,2665
45,2619
27,2518
47,2447
61,2839
38,2167
38,2296
39,2826
27,2477
62,2288
57,2712
31,2193
67,2639
60,2236
40,2887
68,2359
58,2594
37,2371
37,2351
42,2780
21,2139
57,2465
68,2920
33,2237
64,2656
68,2710
57,2510
34,2165
55,2999
63,2685
64,2962
64,2807
50,2681
32,2343
51,2916
44,2745
53,2498
68,2592
46,2228
59,2416
37,2070
65,2109
38,2707
31,2684
33,2825
57,2553
41,2293
57,2841
62,2391
44,2520
37,2758
46,2693
60,2318
38,2089
51,2679
43,2062
60,2761
36,2452
53,2921
55,2124
31,2660
27,2022
41,2453
65,2075
67,2706
55,2823
25,2321
52,2447
51,2803
29,2023
62,2231
28,2638
66,2597
21,2667
32,2138
22,2488
23,2397
36,2707
29,2177
42,2104
37,2185
41,2162
32,2622
65,2267
65,2498
31,2679
39,2675
21,2626
59,2397
32,2124
43,2214
61,2010
37,2086
48,2217
66,2372
62,2714
35,2212
21,2594
60,2600
45,2011
51,2357
53,2784
51,2113
64,2083
55,2286
59,2402
45,2374
61,2286
48,2806
52,2415
34,2160
55,2199
29,2710
60,2639
52,2611
64,2778
52,2667
34,2353
27,2021
42,2469
57,2836
48,2388
54,2194
24,2546
29,2631
47,2392
66,2687
39,2080
38,2047
23,2358
22,2166
60,2615
49,2700
55,2103
62,2695
53,2402
33,2587
45,2273
67,2828
33,2353
65,2284
64,2698
23,2375
44,2143
31,2566
66,2950
29,2581
51,2393
40,2996
55,2362
42,2463
58,2399
31,2436
62,2597
30,2962
49,2976
36,2895
56,2668
50,2088
33,2020
48,2680
22,2521
36,2818
42,2245
56,2264
23,2682
54,2908
63,2857
39,2952
27,2144
36,2475
61,2974
44,2807
59,2939
24,2715
58,2190
26,2217
25,2548
54,2353
57,2713
45,2607
57,2254
23,2868
65,2236
50,2412
32,2603
27,2525
55,2805
56,2439
50,2293
30,2576
56,2809
58,2883
54,2805
54,2791
66,2478
36,2799
68,2758
62,2770
26,2030
39,2737
26,2785
68,2715
57,2927
30,2913
25,2809
66,2666
54,2884
36,2236
45,2172
64,2241
63,2588
26,2611
35,2018
23,2035
24,2273
39,2220
61,2957
43,2820
46,2232
49,2065
54,2126
48,2759
23,2680
24,2152
46,2762
50,2432
48,2866
31,2023
40,2931
46,2263
54,2487
55,2334
68,2374
47,2194
60,2984
64,2790
34,2373
47,2817
27,2971
59,2740
40,2631
50,2917
57,2506
46,2916
48,2624
65,2342
36,2684
32,2027
35,2805
44,2504
35,2025
59,2862
49,2460
37,2699
59,2213
61,2448
45,2998
28,2491
50,2896
25,2976
41,2351
49,2036
25,2336
62,2737
52,2332
45,2233
51,2277
55,2602
51,2671
52,2931
36,2586
39,2986
64,2463
38,2936
23,2901
31,2209
62,2847
35,2686
48,2289
61,2733
44,2377
59,2609
49,2323
47,2978
56,2332
44,2160
46,2268
55,2455
49,2136
35,2969
60,2355
38,2565
54,2972
62,2494
43,2514
60,2088
46,2461
42,2578
42,2108
53,2416
64,2115
24,2927
39,2714
56,2991
46,2911
64,2588
63,2290
57,2077
48,2863
51,2514
51,2410
23,2925
57,2228
48,2090
49,2714
53,2985
37,2887
45,2947
61,2331
63,2176
68,2568
66,2988
35,2476
34,2960
22,2746
22,2791
47,2585
24,2794
45,2445
21,2220
29,2732
29,2405
36,2530
45,2764
41,2231
63,2534
42,2766
55,2385
40,2413
29,2154
24,2396
52,2489
24,2631
45,2024
43,2735
36,2524
36,2730
38,2820
49,2525
32,2530
67,2985
41,2500
48,2983
53,2600
34,2795
55,2030
22,2753
59,2129
48,2863
67,2257
61,2316
34,2561
61,2516
23,2451
45,2850
37,2898
64,2936
68,2619
50,2089
66,2419
52,2221
45,2911
59,2556
62,2331
36,2907
43,2662
49,2223
37,2888
43,2651
53,2623
62,2664
49,2963
64,2571
30,2232
32,2646
65,2911
59,2357
50,2232
41,2565
60,2951
34,2242
55,2031
47,2881
64,2312
24,2281
25,2763
52,2036
44,2902
22,2818
40,2996
38,2085
36,2148
64,2200
44,2177
27,2125
22,2420
45,2889
68,2565
53,2075
33,2498
48,2776
40,2562
39,2271
23,2290
55,2336
45,2142
25,2141
42,2114
67,2551
48,2871
30,2720
29,2509
41,2381
49,2478
26,2838
44,2483
29,2229
40,2165
38,2649
39,2667
27,2004
36,2821
36,2151
46,2270
40,2224
34,2577
35,2075
54,2661
59,2641
47,2340
26,2659
30,2803
40,2306
60,2354
27,2941
27,2938
30,2418
68,2446
31,2336
54,2988
64,2416
40,2315
25,2713
63,2625
21,2065
60,2931
55,2974
33,2785
21,2102
62,2842
59,2973
46,2001
29,2673
25,2504
63,2159
42,2499
64,2032
23,2698
56,2920
50,2230
60,2413
45,2115
67,2730
35,2922
63,2721
23,2047
32,2927
54,2012
60,2889
55,2481
42,2155
40,2730
65,2035
28,2701
48,2068
28,2486
46,2192
48,2753
33,2801
52,2885
37,2489
39,2216
31,2670
63,2002
36,2843
43,2418
28,2037
31,2274
31,2619
36,2846
46,2429
43,2907
60,2961
27,2604
32,2929
65,2570
50,2116
31,2992
26,2031
66,2486
40,2012
33,2211
35,2504
41,2517
63,2447
67,2586
30,2407
45,2093
60,2770
55,2271
53,2162
48,2751
30,2608
23,2547
63,2138
43,2275
31,2336
50,2218
57,2407
45,2822
29,2110
30,2412
23,2024
31,2658
38,2099
43,2814
25,2477
62,2648
35,2606
25,2375
51,2023
52,2449
29,2979
62,2461
39,2352
46,2881
47,2708
58,2805
57,2194
33,2430
37,2653
44,2821
23,2693
22,2275
24,2566
68,2129
65,2215
59,2435
45,2566
42,2298
64,2996
25,2776
49,2394
57,2938
54,2600
56,2159
39,2870
57,2349
25,2905
60,2245
36,2697
62,2630
46,2510
41,2334
21,2039
25,2565
56,2496
39,2654
62,2588
59,2421
37,2217
40,2036
22,2801
42,2693
62,2367
28,2430
45,2335
28,2832
61,2287
53,2174
22,2352
63,2334
25,2167
42,2495
23,2605
47,2415
58,2640
66,2526
51,2844
44,2959
34,2435
44,2449
57,2144
28,2584
52,2350
34,2444
43,2603
63,2384
43,2049
21,2231
29,2607
47,2484
42,2186
52,2432
21,2525
59,2982
38,2071
49,2160
28,2232
50,2757
65,2202
23,2210
29,2175
61,2022
54,2073
38,2972
60,2573
54,2753
25,2052
26,2390
44,2383
52,2477
24,2553
42,2819
51,2311
35,2597
24,2357
34,2705
58,2816
40,2401
45,2376
58,2645
27,2606
23,2260
55,2783
42,2395
40,2920
44,2848
47,2115
40,2145
52,2940
24,2465
31,2321
49,2042
44,2499
38,2129
57,2267
63,2598
25,2978
48,2137
32,2631
23,2689
59,2243
25,2764
40,2502
62,2882
28,2778
53,2284
60,2263
64,2880
31,2173
56,2832
68,2040
25,2992
68,2908
38,2361
51,2197
28,2308
40,2787
27,2792
65,2118
49,2483
36,2421
60,2140
66,2639
55,2493
49,2285
47,2069
48,2477
65,2035
51,2952
46,2102
27,2364
22,2795
65,2727
25,2059
41,2255
54,2614
42,2604
64,2284
36,2457
51,2898
68,2451
47,2793
38,2834
24,2077
23,2423
37,2638
27,2384
43,2203
36,2916
30,2702
62,2036
50,2221
22,2993
29,2758
40,2254
43,2454
51,2794
32,2647
56,2296
33,2267
62,2228
35,2242
23,2917
56,2382
33,2143
57,2531
48,2891
65,2358
59,2942
55,2002
46,2373
24,2740
50,2103
28,2596
34,2844
44,2816
46,2549
34,2374
30,2559
48,2589
26,2148
26,2613
53,2400
57,2900
33,2967
57,2466
26,2229
48,2667
55,2068
67,2510
46,2512
21,2445
31,2493
67,2484
23,2233
67,2677
64,2318
59,2597
56,2716
59,2687
43,2782
29,2391
51,2574
63,2903
42,2884
57,2835
67,2014
64,2260
31,2381
24,2063
23,2559
54,2069
54,2740
51,2407
51,2687
61,2222
63,2403
54,2738
26,2951
54,2121
63,2879
43,2520
42,2559
39,2355
29,2320
39,2726
39,2363
65,2915
49,2274
36,2216
53,2306
62,2550
62,2962
52,2892
46,2258
37,2665
64,2632
32,2831
25,2349
44,2432
61,2888
43,2537
62,2608
59,2324
22,2699
32,2039
64,2127
34,2639
60,2434
56,2529
23,2270
32,2386
26,2200
35,2421
35,2442
37,2161
44,2112
57,2920
56,2109
38,2126
49,2480
45,2183
50,2705
61,2099
52,2373
22,2379
48,2179
62,2888
51,2635
65,2413
23,2306
32,2146
40,2940
23,2181
47,2335
66,2652
53,2996
42,2426
46,2041
68,2178
35,2184
37,2094
56,2065
64,2054
48,2927
49,2727
47,2157
50,2315
54,2344
36,2968
49,2888
55,2151
28,2888
40,2730
24,2537
23,2584
43,2457
49,2496
61,2958
43,2481
54,2793
35,2593
41,2954
51,2194
24,2506
24,2537
25,2351
63,2535
32,2043
40,2979
24,2095
59,2281
27,2474
33,2532
38,2645
59,2846
32,2952
56,2758
55,2946
24,2295
64,2861
63,2025
42,2605
68,2104
32,2627
63,2064
54,2411
28,2536
21,2251
65,2696
26,2526
31,2094
55,2632
28,2658
54,2926
49,2543
61,2225
56,2711
34,2331
26,2649
49,2007
28,2112
25,2394
44,2751
63,2531
68,2060
50,2225
24,2192
41,2582
23,2707
38,2165
30,2257
44,2889
68,2178
66,2057
62,2086
60,2872
48,2111
30,2319
54,2255
58,2104
65,2659
47,2495
55,2696
21,2875
62,2941
52,2654
32,2487
49,2304
23,2568
48,2937
27,2517
21,2568
28,2155
24,2744
21,2963
61,2271
44,2005
49,2937
34,2956
54,2441
65,2196
60,2867
26,2510
36,2335
49,2970
44,2559
59,2650
32,2245
46,2005
59,2639
34,2697
47,2295
47,2063
47,2455
50,2035
63,2868
58,2951
58,2834
56,2672
30,2040
67,2804
55,2796
36,2707
51,2203
52,2030
31,2454
63,2583
39,2219
22,2921
26,2958
54,2433
49,2222
39,2869
33,2996
40,2369
46,2133
59,2952
66,3000
55,2112
50,2126
68,2997
60,2382
64,2007
27,2620
42,2398
30,2410
54,2505
54,2662
56,2404
63,2562
23,2440
35,2942
50,2492
25,2342
52,2507
53,2568
26,2722
39,2265
58,2028
29,2706
64,2279
62,2828
57,2836
66,2920
46,2275
67,2105
23,2928
44,2844
56,2974
44,2189
21,2587
51,2359
36,2316
63,2602
49,2726
49,2370
62,2212
61,2414
55,2174
33,2191
47,2667
41,2640
56,2220
59,2543
21,2021
49,2579
48,2018
68,2588
24,2791
50,2102
22,2921
25,2240
27,2269
62,2313
42,2901
30,2642
25,2827
56,2312
33,2816
24,2122
36,2000
54,2201
60,2191
32,2057
44,2638
64,2072
49,2298
68,2628
33,2479
63,2418
63,2380
55,2169
61,2020
43,2348
59,2052
32,2176
29,2785
58,2233
40,2657
25,2678
59,2435
29,2640
54,2170
38,2471
58,2444
42,2284
68,2130
32,2105
21,2202
60,2386
65,2515
27,2230
38,2455
44,2527
22,2170
29,2842
47,2925
39,2558
47,2641
48,2111
25,2107
42,2427
46,2382
38,2029
52,2212
68,2628
44,2401
57,2611
51,2939
29,2468
47,2797
60,2511
51,2936
49,2820
41,2811
37,2850
45,2074
35,2989
30,2434
52,2583
33,2883
51,2997
57,2944
57,2643
24,2142
54,2238
21,2141
62,2897
24,2145
49,2082
39,2204
36,2793
52,2580
28,2825
40,2999
66,2827
68,2366
45,2268
58,2420
53,2275
66,2453
37,2063
67,2603
23,2434
65,2209
34,2517
52,2496
28,2099
65,2953
31,2303
26,2634
22,2404
62,2483
66,2608
33,2767
21,2952
45,2337
21,2824
37,2194
26,2186
44,2827
59,2970
62,2371
38,2536
42,2129
43,2314
43,2623
50,2310
60,2915
44,2837
42,2584
59,2013
43,2192
33,2091
26,2325
47,2484
58,2679
59,2651
47,2680
61,2204
65,2833
55,2317
22,2792
42,2623
54,2591
23,2488
25,2235
42,2156
58,2496
51,2131
46,2546
43,2706
54,2875
30,2121
40,2891
52,2838
55,2689
35,2171
56,2077
59,2916
68,2985
66,2585
36,2310
30,2828
58,2937
42,2090
42,2845
29,2024
55,2278
48,2786
58,2678
28,2032
46,2941
29,2880
66,2122
65,2254
46,2222
58,2647
34,2549
54,2613
65,2389
56,2660
27,2995
35,2435
56,2489
41,2531
26,2324
26,2767
27,2073
23,2206
45,2727
36,2614
32,2255
55,2950
25,2079
45,2222
48,2482
44,2724
40,2697
28,2499
45,2063
58,2062
46,2247
47,2692
63,2259
41,2140
21,2036
22,2260
52,2264
25,2660
60,2036
57,2857
31,2966
32,2663
25,2447
53,2958
23,2180
30,2926
59,2992
43,2514
59,2881
52,2798
60,2039
21,2154
24,2064
56,2960
49,2770
42,2294
42,2372
42,2575
26,2321
53,2816
46,2906
41,2312
65,2554
58,2828
37,2368
29,2936
56,2604
56,2930
67,2578
45,2444
64,2731
48,2325
52,2468
25,2331
39,2727
54,2613
44,2614
61,2235
27,2881
45,2680
68,2883
21,2592
53,2713
44,2458
28,2764
60,2267
45,2180
30,2200
46,2257
29,2583
43,2367
37,2744
25,2801
62,2468
58,2195
50,2889
54,2653
55,2084
53,2789
41,2781
31,2547
68,2134
64,2181
26,2224
59,2688
61,2636
43,2119
59,2189
35,2206
65,2868
31,2638
57,2104
47,2261
37,2309
42,2929
48,2665
61,2296
55,2486
40,2112
48,2428
67,2756
34,2086
58,2807
50,2550
34,2207
63,2475
42,2385
61,2811
57,2881
39,2606
31,2724
31,2356
55,2002
64,2188
46,2561
26,2132
64,2773
51,2101
36,2080
36,2428
46,2886
43,2037
46,2733
54,2734
50,2607
33,2417
53,2519
33,2118
59,2093
44,2897
38,2608
21,2113
51,2993
42,2390
42,2231
23,2325
26,2228
23,2644
32,2278
56,2068
44,2896
62,2425
54,2056
67,2259
68,2170
32,2941
25,2339
67,2643
45,2031
62,2849
41,2822
38,2837
43,2046
60,2548
65,2812
35,2944
36,2768
59,2225
60,2069
30,2836
60,2131
32,2550
63,2049
27,2423
45,2518
55,2982
27,2133
36,2288
46,2438
49,2565
37,2620
64,2328
41,2164
22,2178
43,2323
56,2738
67,2360
39,2957
64,2585
41,2714
21,2539
46,2714
39,2147
62,2467
46,2623
45,2908
36,2835
46,2585
68,2066
62,2152
45,2295
24,2708
21,2030
37,2660
63,2936
51,2888
47,2110
30,2684
47,2237
61,2977
50,2488
31,2615
35,2776
25,2844
45,2808
22,2396
54,2523
35,2174
29,2207
61,2331
57,2744
22,2330
35,2119
60,2684
22,2945
44,2719
44,2276
57,2321
56,2655
55,2721
60,2041
21,2019
29,2353
67,2131
56,2822
55,2406
60,2880
40,2874
21,2782
28,2772
27,2326
44,3000
62,2534
39,2146
37,2431
23,2306
47,2618
60,2193
56,2657
59,2117
49,2243
61,2733
22,2959
25,2754
25,2373
54,2390
51,2202
47,2220
53,2704
22,2297
54,2060
61,2628
28,2278
44,2279
52,2357
67,2092
53,2551
38,2395
66,2936
39,2893
32,2311
48,2932
36,2236
56,2993
29,2790
33,2061
55,2435
33,2618
34,2507
50,2357
54,2731
34,2569
54,2585
55,2858
60,2143
41,2969
26,2795
56,2965
42,2540
37,2813
58,2163
37,2919
51,2191
52,2775
21,2725
43,2284
46,2907
32,2269
28,2436
38,2185
36,2597
36,2678
37,2692
55,2454
47,2121
28,2454
64,2685
68,2594
57,2234
45,2589
47,2855
41,2767
39,2472
50,2842
38,2179
59,2953
68,2242
56,2075
23,2901
42,2404
29,2107
45,2724
68,2746
42,2008
61,2438
29,2861
34,2468
33,2672
68,2834
66,2704
63,2728
63,2825
55,2301
60,2690
36,2004
36,2208
41,2958
66,2041
51,2729
49,2226
65,2236
39,2462
55,2601
23,2461
27,2843
58,2201
48,2485
25,2955
67,2226
65,2015
41,2158
34,2230
53,2595
27,2107
50,2175
35,2569
37,2675
56,2325
68,2970
28,2375
62,2356
34,2601
57,2010
33,2302
29,2727
66,2628
58,2174
43,2717
49,2832
60,2865
23,2390
64,2217
25,2229
29,2185
24,2386
60,2115
58,2502
66,2939
49,2854
30,2679
29,2958
51,2291
26,2691
62,2177
37,2978
26,2324
23,2102
66,2053
44,2770
64,2923
40,2836
48,2873
34,2207
47,2499
26,2693
49,2420
28,2875
68,2797
47,2547
60,2229
46,2241
37,2359
63,2554
29,2304
45,2690
59,2382
63,2263
56,2451
21,2996
55,2427
68,2090
25,2884
66,2913
34,2773
56,2821
44,2067
29,2065
21,2041
22,2827
64,2584
44,2666
64,2542
31,2886
31,2748
44,2559
47,2434
27,2020
58,2008
31,2194
53,2110
44,2046
37,2595
22,2315
47,2865
59,2458
55,2622
64,2996
37,2131
33,2340
68,2211
29,2185
28,2477
61,2584
47,2007
58,2723
52,2463
55,2423
40,2698
39,2662
45,2472
26,2755
60,2192
25,2068
58,2243
29,2250
22,2827
41,2594
54,2841
49,2815
66,2074
68,2337
40,2979
53,2545
54,2051
49,2124
34,2374
51,2184
21,2801
30,2729
66,2379
34,2595
33,2788
28,2467
31,2776
62,2599
30,2536
51,2355
43,2143
50,2737
43,2176
28,2885
63,2038
30,2895
64,2814
52,2800
36,2183
47,2718
35,2638
52,2011
22,2609
22,2490
44,2408
45,2219
27,2656
65,2920
55,2022
65,2153
38,2552
51,2684
27,2821
62,2093
24,2822
26,2588
22,2962
44,2090
56,2249
28,2901
44,2349
29,2561
51,2912
52,2263
39,2159
36,2749
30,2750
67,2446
36,2275
54,2300
29,2223
34,2178
26,2904
59,2362
65,2741
53,2330
52,2515
35,2176
54,2198
59,2866
47,2189
36,2481
57,2569
58,2686
51,2220
67,2963
34,2107
41,2911
68,2486
40,2533
50,2060
38,2408
21,2625
29,2664
50,2782
39,2482
25,2353
58,2055
54,2614
50,2100
24,2719
51,2062
64,2040
44,2421
58,2671
54,2610
26,2913
65,2661
50,2082
55,2608
21,2685
22,2374
42,2165
30,2767
46,2824
60,2865
24,2848
53,2095
67,2124
24,2127
28,2250
60,2372
35,2948
27,2547
43,2099
31,2343
57,2530
39,2581
65,2996
31,2734
55,2884
25,2986
64,2803
44,2149
68,2044
40,2038
40,2213
42,2843
28,2825
32,2368
53,2308
56,2553
59,2372
51,2778
62,2866
67,2719
26,2975
32,2800
21,2442
63,2093
46,2570
45,2241
38,2927
46,2856
49,2759
63,2667
28,2885
43,2806
21,2550
61,2180
47,2331
65,2430
58,2852
49,2491
23,2413
44,2460
55,2494
36,2121
46,2745
68,2661
50,2567
34,2763
58,2241
46,2520
39,2284
67,2021
66,2123
41,2555
30,2410
47,2704
44,2542
25,2356
67,2611
66,2449
35,2031
32,2270
26,2850
55,2445
68,2636
62,2112
23,2502
23,2231
56,2374
24,2337
22,2657
25,2171
37,2217
42,2397
65,2027
50,2132
39,2539
33,2580
58,2951
36,2131
59,2450
34,2707
38,2656
50,2680
45,2102
24,2573
55,2993
58,2154
22,2361
63,2655
65,2058
63,2356
25,2391
31,2821
44,2713
42,2778
53,2825
57,2777
34,2229
48,2986
37,2659
37,2739
26,2693
23,2540
33,2635
49,2831
57,2517
40,2775
54,2584
45,2007
48,2579
58,2017
40,2951
65,2146
32,2088
21,2575
57,2087
21,2095
67,2473
49,2055
32,2860
51,2826
40,2401
62,2017
64,2430
21,2782
27,2793
62,2308
49,2722
21,2956
51,2839
56,2324
31,2033
21,2774
43,2507
34,2089
34,2795
49,2562
42,2890
64,2052
66,2960
62,2787
28,2974
39,2950
29,2497
59,2033
64,2656
22,2355
68,2970
36,2100
22,2315
44,2454
67,2283
42,2552
42,2692
61,2927
27,2786
25,2790
44,2677
26,2844
29,2471
41,2261
28,2338
35,2061
50,2145
30,2369
49,2993
41,2249
57,2143
43,2269
22,2931
38,2876
36,2495
35,2805
30,2967
27,2038
28,2540
39,2887
61,2075
63,2565
34,2053
63,2925
62,2943
51,2110
27,2500
41,2060
68,2778
48,2077
33,2177
59,2046
68,2390
40,2496
59,2696
31,2986
35,2739
28,2650
24,2653
57,2328
63,2546
66,2760
53,2062
30,2075
54,2058
47,2308
34,2631
44,2501
53,2976
65,2842
29,2646
28,2097
34,2811
50,2571
51,2970
22,2671
26,2267
51,2353
61,2161
43,2755
26,2377
37,2756
42,2239
56,2392
22,2555
26,2722
35,2930
65,2445
54,2340
64,2194
67,2672
57,2687
62,2663
55,2993
33,2598
56,2899
63,2376
28,2771
30,2745
60,2429
52,2371
45,2954
61,2049
53,2569
60,2056
25,2842
54,2339
21,2719
40,2086
30,2457
24,2301
27,2390
58,2435
37,2552
30,2977
38,2689
53,2348
37,2110
24,2012
65,2104
52,2111
48,2856
28,2750
31,2080
45,2932
21,2559
56,2052
40,2501
59,2808
42,2496
61,2641
43,2234
60,2069
66,2714
64,2835
43,2313
22,2262
63,2757
22,2558
34,2777
24,2942
22,2091
68,2983
67,2348
42,2272
33,2004
52,2130
57,2554
26,2085
37,2823
61,2079
55,2228
27,2726
25,2350
46,2276
46,2977
62,2918
61,2244
56,2852
33,2805
25,2554
62,2587
27,2592
42,2031
52,2168
53,2321
32,2960
47,2592
26,2206
46,2069
29,2888
66,2599
57,2113
24,2256
61,2340
30,2924
50,2214
68,2371
55,2260
58,2276
41,2205
52,2131
40,2701
24,2422
52,2378
57,2701
32,2566
67,2264
25,2031
49,2853
33,2177
38,2191
50,2030
66,2650
64,2664
68,2609
42,2951
56,2986
50,2062
41,2076
54,2702
60,2722
56,2687
58,2067
32,2643
50,2587
40,2975
23,2889
65,2838
28,2082
63,2607
62,2539
63,2688
63,2196
57,2276
44,2415
56,2875
44,2133
29,2859
32,2258
66,2431
45,2202
56,2745
59,2568
51,2768
24,2088
58,2244
22,2191
36,2705
66,2274
52,2767
68,2156
47,2964
48,2281
45,2720
68,2871
31,2564
38,2466
63,2815
49,2811
30,2292
53,2129
51,2610
35,2729
29,2390
40,2199
60,2850
43,2888
64,2470
56,2373
50,2768
44,2009
52,2650
21,2169
60,2462
36,2439
61,2692
51,2296
30,2498
36,2698
23,2545
33,2082
68,2962
46,2659
57,2335
40,2852
55,2346
53,2130
47,2237
22,2375
53,2849
28,2942
38,2835
40,2399
37,2665
27,2105
64,2232
46,2448
65,2837
64,2674
39,2729
39,2765
57,2005
38,2598
49,2842
30,2644
40,2296
27,2532
48,2914
37,2917
30,2642
30,2508
21,2669
48,2827
24,2635
28,2594
26,2756
56,2075
68,2180
35,2330
23,2197
41,2370
67,2399
23,2893
48,2965
33,2948
28,2480
44,2388
45,2153
28,2225
61,2086
47,2400
66,2912
51,2225
27,2808
22,2295
50,2273
59,2192
54,2346
61,2689
33,2362
41,2871
66,2577
37,2114
39,2440
56,2651
26,2710
48,2606
65,2573
35,2177
41,2598
33,2488
53,2231
55,2657
46,2673
32,2650
37,2703
24,2967
37,2918
64,2253
24,2508
35,2448
57,2683
45,2025
47,2832
52,2292
50,2037
63,2661
32,2499
55,2903
45,2227
40,2948
28,2885
49,2762
48,2152
66,2102
51,2856
41,2180
63,2765
31,2465
63,2552
45,2830
67,2538
27,2576
51,2225
33,2363
49,2261
30,2301
57,2726
45,2196
29,2792
35,2481
66,2495
42,2552
31,2306
33,2162
60,2395
38,2117
34,2551
21,2216
37,2721
31,2503
42,2661
35,2453
45,2594
62,2670
56,2673
64,2284
35,2286
22,2671
43,2981
22,2635
68,2860
26,2200
38,2801
48,2914
25,2807
22,2298
25,2112
50,2009
56,2500
40,2865
60,2472
30,2287
57,2642
37,2557
46,2381
48,2296
31,2919
35,2721
23,2453
41,2436
45,2801
37,2119
67,2248
56,2214
56,2141
37,2455
41,2254
41,2799
31,2879
40,2965
52,2787
54,2234
60,2129
34,2626
54,2606
54,2925
68,2913
51,2904
60,2025
51,2057
46,2091
59,2120
40,2071
31,2213
30,2088
66,2775
50,2888
29,2225
53,2953
60,2737
29,2875
35,2687
57,2574
38,2534
62,2137
47,2470
41,2100
30,2611
53,2616
63,2122
38,2318
66,2108
63,2976
54,2086
62,2942
29,2025
47,2899
33,2470
66,2409
55,2256
53,2950
55,2659
61,2628
45,2588
39,2625
61,2470
30,2564
34,2969
47,2240
51,2868
57,2227
61,2709
67,2218
49,2184
66,2751
57,2842
57,2534
67,2610
28,2340
52,2214
62,2965
54,2854
50,2226
29,2174
55,2937
59,2851
68,2017
56,2781
61,2566
49,2949
45,2022
29,2086
50,2673
51,2415
32,2544
43,2475
59,2559
50,2087
60,2842
26,2311
23,2909
41,2109
50,2001
54,2604
31,2533
30,2850
61,2290
23,2196
35,2851
38,2260
32,2386
57,2136
45,2078
68,2432
27,2519
37,2943
65,2944
32,2656
40,2299
50,2821
63,2325
49,2522
34,2886
35,2669
55,2178
47,2795
55,2724
52,2035
53,2852
43,2452
68,2737
57,2032
57,2327
27,2041
35,2058
34,2549
25,2111
65,2048
67,2016
65,2914
33,2130
50,2615
45,2770
40,2590
55,2968
67,2810
21,2151
48,2917
30,2302
22,2124
37,2597
33,2858
66,2706
45,2911
60,2199
34,2051
35,2936
27,2115
23,2407
26,2338
60,2781
21,2030
52,2802
58,2848
54,2890
66,2017
66,2565
67,2839
49,2004
42,2720
66,2626
38,2149
37,2777
33,2662
36,2847
33,2617
34,2668
52,2076
42,2643
28,2408
68,2994
54,2390
24,2529
38,2624
37,2752
51,2119
52,2476
58,2214
37,2800
33,2033
42,2793
27,2907
24,2665
46,2247
57,2807
27,2974
53,2599
45,2314
24,2982
39,2705
29,2470
35,2029
42,2599
25,2853
31,2884
44,2378
46,2809
56,2358
55,2730
27,2347
61,2384
31,2221
64,2198
36,2321
30,2939
45,2138
32,2737
36,2059
42,2322
55,2954
42,2287
33,2037
52,2371
26,2332
42,2045
65,2727
42,2407
45,2147
42,2964
51,2048
48,2422
68,2246
33,2279
68,2461
26,2325
54,2100
26,2215
67,2507
56,2131
42,2052
41,2162
52,2320
64,2907
37,2594
58,2415
25,2602
54,2989
32,2098
27,2181
62,2894
59,2857
56,2165
37,2289
58,2804
52,2104
64,2808
54,2134
55,2629
35,2678
44,2927
23,2268
52,2475
60,2096
23,2141
32,2227
65,2963
30,2322
31,2146
44,2851
38,2634
66,2084
21,2503
61,2712
30,2104
23,2999
27,2942
49,2725
54,2262
23,2117
49,2968
23,2336
36,2488
60,2424
65,2390
36,2976
43,2054
48,2809
23,2414
25,2817
23,2473
54,2104
24,2966
27,2101
47,2184
40,2065
47,2708
41,2760
43,2749
67,2056
45,2843
46,2495
59,2079
29,2431
51,2798
56,2544
30,2933
46,2533
45,2131
27,2801
56,2728
59,2972
41,2802
24,2046
43,2184
24,2315
29,2125
32,2264
33,2049
33,2983
58,2719
53,2399
32,2112
62,2094
24,2635
32,2789
28,2960
65,2023
43,2618
42,2762
34,2741
38,2669
47,2814
45,2916
24,2908
44,2683
58,2278
49,2145
24,2788
33,2135
53,2473
34,2436
68,2993
23,2487
54,2363
61,2939
23,2397
25,2361
68,2488
65,2014
41,2066
51,2646
67,2731
65,2540
60,2432
25,2356
35,2557
26,2167
66,2921
59,2202
50,2994
64,2222
65,2840
31,2829
33,2774
64,2880
52,2409
27,2088
32,2314
30,2940
46,2372
56,2326
58,2503
57,2442
23,2665
65,2763
40,2784
58,2577
28,2017
62,2875
45,2746
25,2058
51,2563
68,2672
37,2633
60,2826
54,2220
44,2715
23,2090
46,2400
51,2829
60,2549
28,2372
55,2824
29,2299
67,2464
33,2204
28,2838
59,2274
45,2585
24,2181
51,2531
52,2624
33,2843
53,2758
40,2751
45,2630
61,2683
35,2126
21,2468
60,2942
61,2676
31,2152
64,2337
68,2586
59,2579
22,2443
32,2093
54,2032
40,2787
38,2195
21,2998
64,2300
61,2127
22,2680
38,2292
24,2964
32,2808
68,2974
32,2518
46,2886
37,2283
50,2726
56,2453
65,2749
56,2725
57,2804
55,2765
43,2845
34,2770
46,2348
34,2239
54,2133
23,2198
68,2718
21,2788
57,2923
49,2489
66,2152
56,2210
22,2224
39,2960
38,2721
45,2128
39,2829
27,2450
37,2709
54,2993
49,2460
29,2805
23,2232
22,2485
47,2494
49,2082
47,2325
59,2441
62,2859
31,2574
22,2977
38,2797
43,2426
38,2962
29,2667
42,2579
49,2370
23,2667
29,2543
48,2618
36,2231
49,2160
59,2552
53,2635
52,2952
34,2627
24,2425
49,2291
61,2795
31,2317
21,2160
57,2881
64,2323
31,2768
24,2508
21,2730
55,2578
57,2754
55,2257
22,2789
66,2013
55,2421
62,2011
54,2557
57,2632
66,2588
23,2717
55,2323
59,2825
37,2469
55,2337
65,2353
67,2184
29,2639
44,2880
52,2622
62,2040
55,2655
65,2722
45,2666
68,2343
26,3000
59,2890
51,2902
32,2577
54,2211
41,2527
53,2460
45,2651
51,2695
59,2604
49,2739
58,2738
64,2291
36,2843
26,2031
37,2127
28,2865
41,2077
66,2019
39,2382
21,2399
27,2705
51,2290
24,2430
63,2771
62,2327
55,2073
61,2690
48,2223
48,2324
47,2366
66,2946
52,2779
31,2540
38,2845
42,2616
46,2888
53,2889
58,2044
65,2399
32,2874
53,2424
22,2067
44,2553
67,2674
24,2238
57,2333
44,2062
33,2237
35,2772
43,2790
55,2186
42,2730
58,2984
54,2891
43,2097
55,2606
62,2457
68,2229
53,2790
24,2997
55,2637
66,2730
26,2056
26,2668
25,2413
32,2785
59,2481
34,2407
33,2260
35,2923
41,2692
47,2911
41,2800
30,2595
59,2676
64,2432
35,2602
49,2905
55,2077
28,2503
24,2759
64,2034
28,2269
63,2443
34,2469
54,2787
60,2456
42,2638
58,2909
23,2731
63,2391
51,2865
63,2520
25,2885
67,2990
44,2297
42,2616
55,2834
68,2054
44,2880
26,2797
44,2387
56,2311
25,2672
23,2453
66,2024
34,2862
52,2803
26,2093
34,2361
26,2657
62,2566
39,2729
42,2891
55,2816
55,2665
30,2794
28,2586
64,2331
25,2221
64,2514
24,2290
42,2670
24,2196
43,2828
27,2222
29,2274
36,2084
55,2676
33,2744
47,2034
27,2307
37,2667
64,2141
56,2017
60,2370
35,2809
42,2936
33,2199
65,2551
67,2008
58,2586
27,2622
58,2658
35,2960
25,2739
22,2792
30,3000
56,2230
51,2403
43,2424
50,2760
26,2047
42,2668
23,2332
60,2113
67,2344
38,2422
39,2013
36,2495
63,2032
40,2578
32,2712
48,2541
26,2263
25,2902
36,2517
66,2502
36,2824
49,2008
51,2073
34,2296
38,2687
41,2575
40,2976
46,2811
61,2019
58,2186
60,2396
52,2740
49,2360
33,2383
34,2532
26,2532
27,2944
29,2121
46,2069
43,2934
23,2057
57,2472
59,2530
23,2470
31,2155
42,2064
61,2143
33,2732
41,2231
67,2033
57,2600
24,2569
36,2783
60,2917
57,2062
35,2228
66,2604
29,2857
27,2598
54,2736
23,2440
48,2925
56,2292
66,2641
46,2472
27,2374
29,2048
62,2049
61,2787
40,2586
38,2086
35,2420
45,2998
59,2869
54,2524
32,2522
28,2905
33,2193
34,2733
26,2470
68,2399
47,2305
32,2403
60,2427
21,2320
29,2376
30,2494
49,2269
27,2285
52,2133
32,2329
58,2867
30,2405
67,2288
24,2041
25,2954
48,2580
67,2636
61,2366
54,2409
22,2651
52,2050
29,2964
35,2589
34,2000
41,2003
35,2564
67,2461
28,2148
49,2422
34,2690
61,2689
43,2244
50,2622
22,2543
21,2640
40,2112
44,2414
39,2660
41,2757
33,2822
39,2414
38,2817
45,2446
35,2136
29,2371
24,2256
48,2009
56,2738
27,2980
46,2612
61,2437
34,2816
58,2249
27,2887
29,2159
25,2826
56,2521
62,2029
39,2336
64,2877
27,2128
41,2681
32,2090
49,2704
67,2878
34,2244
52,2324
45,2586
63,2661
30,2745
29,2692
48,2154
25,2693
62,2529
65,2568
40,2822
50,2510
43,2879
45,2445
53,2364
36,2917
27,2782
34,2383
47,2061
61,2992
25,2275
37,2574
65,2215
45,2276
52,2023
45,2678
24,2690
24,2937
51,2584
40,2695
64,2549
63,2874
52,2965
28,2203
59,2861
22,2232
52,2132
29,2830
52,2696
53,2789
48,2479
38,2068
31,2793
60,2300
36,2356
39,2180
54,2797
45,2227
36,2729
64,2131
61,2827
48,2418
47,2046
66,2976
34,2852
57,2658
58,2924
67,2614
67,2751
60,2959
65,2483
42,2948
41,2200
33,2410
25,2172
67,2279
31,2432
47,2002
59,2331
41,2363
62,2334
21,2146
63,2196
29,2412
27,2367
63,2445
36,2311
40,2735
42,2007
33,2633
22,2721
60,2458
33,2219
66,2910
28,2902
29,2309
31,2922
21,2997
33,2933
58,2695
44,2992
38,2112
66,2443
50,2971
65,2534
34,2977
45,2102
65,2459
50,2801
67,2124
60,2717
34,2450
51,2756
49,2107
35,2091
50,2778
58,2346
54,2692
50,2656
42,2951
48,2695
32,2339
52,2125
63,2566
62,2777
56,2542
22,2356
44,2026
57,2906
55,2748
36,2845
29,2389
59,2374
65,2547
45,2865
41,2083
31,2469
66,2652
37,2171
64,2860
27,2264
53,2554
41,2926
56,2145
68,2456
28,2666
36,2699
62,2345
44,2261
63,2846
55,2649
56,2701
36,2441
46,2801
29,2525
34,2462
22,2358
24,2055
23,2844
66,2731
62,2459
51,2204
41,2963
62,2528
23,2691
62,2413
22,2506
40,2234
33,2531
32,2572
45,2777
59,2604
60,2897
23,2633
35,2586
65,2042
42,2787
61,2392
45,2568
41,2503
64,2608
36,2496
66,2611
36,2209
58,2739
42,2064
53,2055
63,2650
42,2873
56,2557
53,2490
45,2425
51,2065
67,2693
42,2198
52,2307
57,2453
37,2638
55,2840
50,2638
49,2952
40,2501
34,2827
68,2193
35,2042
29,2616
34,2421
24,2036
66,2906
64,2495
27,2128
40,2481
21,2250
25,2266
64,2850
33,2108
65,2487
67,2745
31,2371
50,2369
51,2040
40,2090
21,2606
35,2493
64,2809
50,2192
54,2998
51,2479
51,2803
65,2676
53,2747
29,2455
40,2177
59,2842
59,2286
25,2099
36,2621
21,2252
28,2580
67,2334
66,2082
24,2640
21,2691
51,2069
53,2271
55,2146
56,2848
54,2442
24,2463
51,2472
66,2235
49,2757
55,2359
59,2010
51,2081
31,2616
67,2227
24,2283
63,2965
48,2407
38,2930
22,2495
23,2749
38,2738
24,2799
24,2031
60,2438
28,2461
21,2160
21,2076
51,2429
23,2634
35,2885
50,2298
61,2710
22,2464
37,2063
53,2330
60,2613
59,2035
52,2331
21,2784
23,2650
34,2150
58,2443
44,2918
52,2600
38,2140
63,2503
24,2737
65,2914
41,2686
49,2342
30,2376
22,2722
44,2357
39,2519
65,2612
39,2024
47,2079
29,2063
41,2951
54,2676
25,2010
52,2761
21,2810
56,2157
23,2386
37,2610
42,2011
46,2164
55,2510
31,2853
35,2474
61,2081
49,2521
56,2383
40,2199
41,2381
21,2018
57,2469
49,2108
30,2561
39,2443
62,2369
61,2010
63,2699
44,2009
63,2871
44,2576
25,2246
24,2330
35,2602
24,2491
62,2051
28,2125
60,2762
56,2610
21,2230
41,2834
62,2645
44,2106
49,2706
48,2394
41,2703
35,2914
46,2092
54,2721
21,2127
26,2433
29,2450
56,2669
32,2155
42,2824
51,2794
29,2346
49,2683
31,2816
26,2460
68,2935
58,2208
65,2037
23,2492
45,2590
64,2716
48,2702
36,2905
44,2064
42,2112
48,2853
38,2732
32,2279
60,2311
57,2300
59,2134
52,2225
49,2844
55,2756
30,2993
40,2583
49,2546
63,2353
40,2114
54,2822
64,2608
23,2706
59,2570
46,2753
57,2755
49,2273
31,2000
57,2212
33,2694
60,2399
57,2787
57,2627
29,2310
48,2007
36,2971
52,2679
66,2342
32,2350
66,2277
54,2378
60,2907
31,2651
65,2485
27,2808
22,2884
22,2252
36,2572
62,2101
61,2551
53,2823
60,2104
46,2441
61,2862
31,2367
37,2947
48,2137
32,2717
31,2503
68,2707
53,2173
55,2846
26,2321
27,2331
35,2266
60,2058
68,2239
38,2721
66,2461
39,2923
67,2064
43,2047
45,2646
31,2176
21,2400
46,2580
53,2713
46,2605
28,2299
58,2425
52,2836
57,2686
27,2618
37,2600
46,2166
33,2422
63,2152
29,2611
67,2783
29,2426
32,2184
30,2704
41,2191
50,2063
59,2890
66,2234
39,2309
26,2661
57,2851
67,2028
53,2166
58,2581
46,2349
51,2514
61,2587
56,2689
51,2389
42,2070
66,2230
52,2347
41,2183
67,2650
43,2454
47,2613
21,2280
33,2293
49,2934
22,2407
56,2179
60,2728
23,2286
60,2086
41,2126
53,2107
39,2169
32,2963
50,2307
28,2258
52,2244
56,2018
50,2808
31,2520
47,2755
41,2681
29,2232
57,2753
23,2382
67,2302
55,2334
36,2505
55,2206
25,2795
61,2976
60,2079
47,2365
45,2712
65,2125
57,2219
44,2211
37,2006
60,2405
50,2440
27,2649
25,2638
63,2607
22,2773
58,2770
58,2859
56,2843
28,2997
58,2137
41,2540
61,2610
27,2071
29,2829
66,2464
59,2149
32,2405
28,2621
66,2663
50,2731
66,2646
47,2405
37,2394
31,2827
60,2135
53,2364
44,2212
56,2972
63,2071
57,2190
56,2921
34,2931
61,2553
30,2563
41,2907
49,2551
62,2123
55,2690
22,2153
22,2647
66,2628
63,2732
30,2636
51,2400
68,2349
62,2617
62,2699
54,2880
55,2024
40,2168
25,2876
28,2654
50,2255
31,2913
30,2319
63,2830
34,2417
44,2980
66,2626
23,2883
53,2839
61,2822
61,2049
66,2565
44,2970
43,2775
60,2488
22,2788
31,2820
60,2735
50,2695
38,2597
32,2222
50,2844
62,2998
46,2094
45,2185
51,2166
66,2929
34,2295
44,2368
58,2655
34,2620
48,2254
59,2774
47,2943
55,2694
22,2614
44,2907
63,2695
51,2161
60,2762
34,2000
25,2000
28,2194
53,2680
28,2762
60,2873
66,2092
61,2683
23,2690
44,2410
43,2741
59,2642
28,2041
43,2194
62,2899
64,2959
61,2992
29,2945
39,2002
47,2476
41,2570
63,2270
39,2724
38,2097
22,2052
23,2729
57,2959
26,2217
52,2635
35,2769
61,2268
43,2915
41,2942
32,2273
57,2506
58,2605
44,2266
49,2527
37,2997
22,2866
49,2898
39,2708
23,2667
32,2551
58,2886
28,2415
59,2002
44,2299
39,2586
54,2918
42,2242
66,2248
31,2619
55,2602
58,2185
33,2266
34,2175
28,2781
29,2363
32,2999
44,2098
50,2579
36,2551
59,2883
66,2295
22,2753
54,2297
27,2972
25,2684
68,2556
28,2086
59,2809
65,2708
53,2517
66,2041
38,2682
46,2877
62,2252
23,2632
44,2927
58,2046
30,2760
37,2544
67,2664
21,2688
52,2711
47,2097
45,2645
46,2375
52,2767
49,2876
34,2395
53,2628
62,2428
40,2193
55,2064
68,2890
46,2295
21,2991
43,2738
24,2389
21,2230
34,2596
36,2827
46,2081
61,2353
38,2588
63,2527
43,2482
33,2573
33,2567
34,2690
46,2080
25,2097
34,2957
30,2920
63,2458
32,2518
23,2428
42,2490
60,2316
62,2669
25,2348
68,2962
55,2648
45,2211
59,2162
40,2050
23,2741
44,2265
32,2937
52,2752
22,2737
41,2123
61,2494
41,2411
55,2989
39,2160
68,2694
50,2070
42,2217
54,2423
26,2192
44,2284
65,2604
64,2731
52,2655
34,2079
63,2218
25,2802
38,2468
24,2064
56,2080
63,2443
64,2617
24,2454
48,2035
50,2916
23,2379
41,2424
53,2121
23,2146
63,2904
43,2788
40,2094
35,2352
30,2551
39,2966
44,2590
59,2422
46,2771
30,2654
30,2806
58,2359
62,2786
33,2937
51,2815
29,2221
55,2736
37,2837
30,2754
66,2093
58,2818
27,2610
48,2129
50,2234
41,2896
30,2877
34,2062
33,2152
43,2201
34,2597
58,2366
30,2310
34,2794
46,2569
64,2779
56,2605
41,2362
26,2923
37,2847
48,2366
29,2638
40,2943
68,2107
67,2794
27,2902
25,2250
58,2409
29,2992
24,2874
41,2276
66,2541
56,2460
41,2843
23,2087
32,2236
57,2667
67,2076
38,2746
56,2754
47,2198
32,2469
44,2943
29,2958
66,2231
56,2254
48,2898
58,2368
28,2838
48,2567
63,2454
38,2480
39,2960
23,2167
54,2734
50,2197
52,2758
42,2180
49,2808
32,2530
47,2645
64,2316
57,2775
48,2459
66,2371
29,2806
32,2859
23,2775
36,2787
47,2430
21,2468
37,2228
51,2526
27,2061
53,2359
29,2714
62,2280
35,2054
24,2053
53,2968
32,2591
62,2604
50,2596
49,2484
52,2493
64,2720
64,2984
36,2236
32,2524
59,2060
43,2827
66,2003
35,2615
52,2137
60,2948
30,2668
28,2884
54,2200
28,2025
40,2054
23,2380
64,2699
27,2419
42,2098
23,2127
29,2003
61,2313
39,2205
31,2594
37,2392
31,2711
29,2180
25,2951
30,2996
45,2617
63,2257
39,2169
30,2159
28,2504
56,2098
65,2411
57,3000
38,2386
38,2395
26,2589
26,2116
28,2979
60,2505
33,2125
50,2589
24,2667
64,2676
57,2700
57,2611
55,2654
30,2871
47,2080
49,2491
53,2998
41,2073
62,2866
25,2056
32,2951
23,2781
35,2629
47,3000
62,2906
40,2920
62,2760
60,2797
62,2679
56,2340
68,2556
23,2604
31,2630
50,2454
49,2187
45,2547
22,2717
60,2340
52,2156
55,2158
27,2687
51,2279
49,2805
43,2288
65,2370
52,2616
24,2543
59,2982
57,2834
40,2057
54,2875
23,2721
32,2616
52,2735
50,2657
68,2325
45,2811
48,2754
27,2601
34,2125
35,2694
22,2804
66,2419
43,2400
57,2756
44,2198
38,2095
21,2066
29,2638
23,2796
59,2567
30,2132
31,2856
56,2311
60,2545
59,2665
32,2407
34,2486
37,2045
56,2540
68,2172
30,2903
34,2173
43,2141
51,2818
43,2810
56,2265
48,2832
40,2452
67,2573
35,2404
57,2329
32,2124
36,2641
33,2542
53,2744
27,2166
59,2440
24,2819
36,2478
23,2501
46,2488
49,2095
47,2859
28,2369
50,2194
32,2516
57,2106
59,2776
64,2206
38,2895
46,2909
33,2650
53,2222
66,2934
25,2932
40,2911
25,2065
51,2080
40,2206
63,2083
50,2879
53,2088
65,2377
30,2536
53,2600
51,2228
30,2340
54,2311
45,2732
42,2389
49,2623
49,2092
45,2241
57,2442
42,2273
65,2333
52,2415
58,2079
26,2685
35,2672
29,2208
30,2898
33,2955
35,2500
36,2893
67,2574
62,2183
55,2152
24,2062
35,2329
39,2093
64,2859
50,2610
61,2331
53,2516
58,2025
61,2089
66,2265
32,2626
32,2981
54,2551
65,2917
26,2500
61,2527
46,2844
58,2341
59,2785
26,2610
50,2382
44,2407
29,2549
36,2984
63,2743
30,2113
43,2551
33,2456
21,2834
60,2501
31,2044
26,2251
40,2191
35,2887
63,2233
43,2533
37,2202
65,2918
29,2218
55,2462
26,2799
42,2801
21,2165
26,2605
37,2816
41,2531
43,2775
60,2494
47,2129
22,2131
42,2555
38,2184
52,2701
60,2604
50,2643
23,2084
30,2653
64,2470
26,2519
68,2937
41,2990
36,2086
31,2195
67,2590
64,2095
68,2016
24,2325
38,2621
34,2221
30,2277
53,2113
57,2134
24,2041
63,2679
44,2768
49,2957
27,2597
35,2074
62,2059
66,2540
37,2777
37,2556
65,2554
51,2223
45,2079
46,2606
36,2503
22,2022
66,2435
60,2654
52,2856
32,2614
64,2551
43,2176
27,2122
62,2575
25,2435
57,2454
43,2323
44,2450
44,2291
62,2907
60,2064
29,2197
44,2630
22,2326
47,2581
26,2967
47,2504
46,2414
42,2541
21,2402
25,2578
40,2532
30,2706
60,2741
64,2434
68,2724
50,2273
55,2223
48,2644
44,2911
45,2276
60,2924
38,2990
50,2280
38,2890
37,2006
51,2452
32,2088
38,2886
51,2797
29,2359
39,2202
30,2787
37,2438
61,2070
66,2907
55,2654
57,2964
26,2924
27,2017
33,2854
39,2360
35,2783
60,2795
55,2416
35,2850
61,2629
37,2301
61,2479
28,2343
55,2423
45,2228
41,2193
34,2572
52,2011
26,2922
23,2653
45,2077
53,2586
49,2935
29,2407
43,2056
66,2048
40,2356
49,2197
54,2939
24,2139
37,2745
53,2845
32,2546
29,2569
29,2900
40,2565
38,2262
60,2162
48,2045
53,2504
48,2035
52,2713
65,2713
31,2529
35,2118
35,2462
46,2349
25,2882
53,2316
28,2350
27,2953
49,2848
43,2542
62,2143
58,2224
62,2284
67,2958
40,2710
68,2239
59,2751
23,2620
28,2749
62,2126
58,2706
40,2699
21,2762
33,2395
39,2370
28,2947
34,2729
50,2443
60,2702
21,2794
47,2976
24,2410
21,2315
36,2591
59,2309
30,2789
26,2284
53,2265
21,2896
61,2571
42,2756
44,2649
54,2943
22,2773
39,2684
22,2465
24,2515
42,2390
45,2482
67,2427
43,2722
37,2233
41,2983
37,2055
48,2331
58,2315
46,2972
54,2052
30,2157
54,2933
44,2240
63,2165
59,2127
46,2988
21,2499
28,2119
28,2263
55,2204
67,2518
30,2367
54,2958
42,2026
36,2490
61,2152
38,2720
54,2954
58,2935
29,2471
32,2355
61,2618
52,2705
24,2652
23,2171
64,2351
24,2513
39,2953
53,2845
46,2668
42,2717
48,2927
45,2625
68,2758
66,2017
22,2350
64,2073
45,2570
51,2657
61,2538
42,2343
42,2963
38,2526
21,2995
57,2133
40,2109
38,2855
45,2274
29,2546
21,2767
38,2649
65,2093
21,2757
55,2637
49,2849
27,2387
42,2754
44,2825
59,2533
65,2777
45,2542
34,2250
55,2814
37,2528
63,2717
61,2071
58,2734
21,2446
24,2381
38,2287
38,2747
59,2575
34,2377
64,2429
67,2138
45,2911
35,2664
67,2480
25,2759
55,2952
61,2299
67,2260
65,2910
42,2866
23,2325
61,2090
49,2366
39,2298
52,2520
26,2764
25,2413
37,2100
28,2679
65,2849
24,2723
40,2664
47,2489
29,2436
46,2353
67,2905
24,2936
36,2775
37,2725
47,2556
31,2074
65,2245
62,2414
65,2013
47,2311
49,2264
44,2284
68,2397
58,2817
35,2932
64,2108
64,2687
68,2632
68,2489
63,2626
34,2010
64,2008
67,2868
50,2445
39,2563
41,2441
37,2731
26,2676
53,2228
57,2820
62,2503
46,2301
42,2673
26,2612
56,2039
46,2077
67,2789
46,2024
48,2477
47,2786
28,2817
23,2496
42,2116
32,2287
27,2842
56,2520
31,2507
22,2681
47,2935
68,2707
41,2862
30,2755
49,2446
56,2084
64,2945
21,2139
33,2043
22,2584
33,2234
52,2994
24,2680
53,2912
31,2207
60,2095
34,2777
57,2141
52,2232
51,2046
49,2807
53,2818
51,2086
66,2145
43,2969
25,2780
29,2408
51,2750
30,2418
47,2986
64,2231
29,2603
68,2689
46,2951
24,2901
31,2221
48,2178
51,2367
28,2665
38,2924
67,2071
25,2906
32,2059
58,2418
57,2736
67,2510
40,2888
65,2921
57,2038
56,2271
56,2593
42,2052
37,2144
35,2871
25,2357
40,2332
57,2229
43,2477
47,2575
52,2749
63,2393
66,2300
65,2854
48,2590
46,2473
50,2755
22,2371
47,2543
37,2725
23,2809
62,2992
61,2642
47,2606
21,3000
43,2679
67,2163
56,2501
23,2566
42,2769
42,2976
27,2166
64,2065
37,2862
28,2799
63,2626
32,2623
62,2683
40,2112
65,2956
52,2794
61,2254
57,2771
36,2953
31,2805
46,2595
51,2045
51,2654
40,2762
23,2217
24,2024
65,2759
48,2713
62,2548
34,2034
52,2202
22,2652
33,2886
22,2574
67,2905
31,2732
30,2522
45,2721
67,2592
37,2718
55,2461
51,2226
66,2972
32,2547
38,2314
51,2932
60,2962
31,2176
45,2670
42,2661
34,2252
40,2752
34,2558
48,2636
29,2845
41,2774
27,2356
31,2592
46,2456
51,2722
24,2088
32,2150
45,2853
37,2370
28,2874
22,2903
62,2468
36,2721
64,2951
24,2135
54,2565
45,2241
46,2703
56,2174
32,2164
39,2161
35,2149
23,2039
37,2757
57,2344
34,2727
28,2931
46,2297
50,2600
67,2354
53,2298
25,2553
63,2484
59,2273
52,2737
59,2492
55,2597
33,2199
37,2915
58,2785
25,2342
41,2612
50,2183
54,2110
62,2587
35,2683
45,2190
42,2115
62,2632
46,2527
52,2462
57,2942
48,2853
46,2375
34,2051
49,2202
59,2522
26,2241
23,2002
35,2178
43,2361
24,2859
44,2943
65,2534
64,2093
38,2427
40,2370
21,2844
60,2956
62,2850
30,2348
67,2662
64,2694
32,2004
47,2159
33,2808
28,2518
44,2556
21,2050
56,2703
28,2610
68,2523
47,2266
64,2388
60,2697
62,2378
49,2066
34,2274
46,2400
21,2228
23,2636
57,2420
22,2489
37,2450
30,2475
39,2460
48,2829
57,2424
61,2125
44,2490
49,2338
51,2197
57,2824
48,2973
34,2694
53,2199
56,2807
33,2906
65,2550
63,2544
31,2453
23,2807
58,2458
54,2847
40,2294
29,2731
44,2860
59,2676
41,2928
27,2519
60,2687
39,2648
51,2077
63,2216
28,2547
40,2658
46,2084
64,2519
65,2379
50,2429
44,2298
37,2971
46,2716
68,2636
36,2703
24,2666
65,2532
30,2857
56,2113
25,2318
22,2584
35,2437
38,2882
30,2632
51,2617
64,2579
44,2400
44,2319
48,2957
52,2373
41,2213
34,2282
23,2963
40,2808
37,2566
27,2399
59,2881
53,2353
28,2407
66,2036
23,2108
63,2403
52,2812
40,2792
51,2874
34,2884
31,2025
29,2925
35,2723
25,2382
50,2914
25,2744
36,2575
47,2472
52,2605
30,2825
60,2929
48,2548
68,2018
49,2910
63,2534
57,2747
51,2490
58,2393
55,2678
59,2928
49,2696
62,2620
62,2508
35,2035
54,2010
24,2681
65,2117
62,2179
59,2224
51,2840
33,2588
52,2263
24,2991
40,2254
40,2117
36,2540
65,2920
58,2176
33,2796
32,2868
43,2426
22,2137
24,2780
57,2000
27,2437
34,2176
64,2078
40,2226
41,2614
47,2189
40,2537
59,2423
21,2070
50,2728
55,2273
34,2672
39,2391
45,2251
51,2489
28,2286
33,2666
23,2033
28,2768
21,2983
68,2707
33,2255
33,2515
65,2435
23,2850
59,2279
36,2294
49,2644
46,2533
50,2631
22,2372
66,2372
25,2967
64,2613
59,2158
22,2636
50,2157
66,2976
49,2743
57,2335
50,2475
59,2327
66,2913
21,2439
51,2950
49,2666
55,2212
58,2718
54,2136
49,2774
43,2800
29,2690
26,2210
66,2894
53,2109
29,2170
45,2971
52,2569
21,2811
23,2919
50,2538
24,2627
64,2668
39,3000
47,2692
58,2029
39,2797
61,2417
27,2083
42,2595
53,2584
57,2644
21,2670
34,2373
38,2213
49,2804
37,2519
49,2177
51,2529
63,2539
65,2919
62,2415
56,2583
31,2219
30,2016
56,2728
44,2143
63,2534
58,2435
66,2247
24,2718
37,2368
34,2891
23,2627
48,2338
33,2041
50,2040
32,2473
43,2020
36,2511
30,2695
57,2751
28,2280
35,2536
46,2718
41,2595
29,2069
64,2137
58,2959
43,2986
36,2045
36,2629
61,2976
46,2842
47,2307
47,2925
31,2555
31,2111
53,2067
34,2650
36,2896
45,2713
65,2211
53,2212
28,2260
66,2169
56,2257
49,2020
38,2849
45,2898
56,2412
65,2462
40,2089
42,2542
36,2155
24,2208
55,2424
35,2470
62,2598
51,2832
22,2171
52,2901
68,2526
25,2321
35,2122
40,2786
60,2311
60,2941
57,2935
42,2629
34,2490
52,2881
34,2997
42,2538
34,2937
26,2018
22,2885
63,2952
55,2307
49,2669
66,2593
31,2697
44,2472
32,2689
29,2440
57,2713
55,2672
59,2770
59,2232
34,2045
61,2449
35,2861
45,2205
65,2164
57,2355
23,2298
54,2927
42,2903
58,2956
58,2428
40,2863
32,2271
26,2681
64,2549
53,2748
60,2877
35,2554
67,2607
39,2291
61,2650
23,2319
48,2126
27,2171
66,2894
26,2310
29,2821
41,2341
68,2566
21,2106
33,2096
26,2385
21,2178
55,2289
39,2618
63,2955
50,2778
48,2469
24,2923
64,2913
58,2392
49,2589
37,2545
35,2164
37,2447
37,2258
56,2945
32,2350
49,2652
24,2438
33,2189
45,2160
35,2627
47,2507
43,2661
47,2850
64,2660
39,2208
57,2273
52,2927
22,2955
33,2703
57,2502
42,2053
67,2438
54,2549
38,2455
36,2018
29,2327
40,2106
47,2274
25,2598
59,2858
49,2857
40,2031
45,2462
33,2747
36,2460
37,2084
53,2765
67,2679
32,2940
34,2799
21,2949
50,2123
56,2575
49,2116
60,2278
47,2705
60,2511
62,2756
60,2218
35,2881
52,2766
24,2829
23,2812
27,2380
48,2126
43,2225
29,2637
66,2312
26,2664
26,2655
61,2416
31,2077
35,2053
35,2182
28,2591
26,2633
59,2325
40,2200
36,2875
34,2411
62,2167
31,2699
54,2913
46,2630
58,2668
56,2081
22,2753
34,2180
25,2970
27,2704
32,2275
42,2541
32,2566
66,2346
65,2496
66,2151
39,2544
50,2165
68,2475
42,2352
24,2969
30,2753
64,2918
47,2438
64,2636
28,2785
23,2010
60,2476
60,2786
59,2171
30,2769
34,2867
21,2482
57,2230
50,2524
58,2098
66,2233
63,2251
41,2601
36,2969
66,2404
46,2420
41,2143
66,2602
22,2942
24,2905
30,2047
44,2415
56,2184
40,2461
49,2760
40,2049
45,2811
50,2653
25,2122
44,3000
28,2434
65,2769
39,2747
60,2228
52,2532
31,2571
33,2817
22,2226
41,2390
40,2793
26,2965
41,2078
53,2453
62,2490
36,2025
26,2929
35,2796
50,2201
65,2906
33,2279
51,2520
55,2992
38,2085
66,2228
42,2636
23,2477
28,2019
23,2563
29,2751
25,2505
57,2925
59,2392
25,2627
31,2852
23,2490
61,2379
57,2889
63,2012
61,2064
23,2142
56,2881
26,2654
63,2810
64,2458
66,2334
39,2019
53,2981
22,2506
40,2646
22,2531
41,2594
38,2378
50,2962
64,2966
50,2727
62,2111
48,2315
45,2439
38,2713
60,2695
62,2911
44,2948
55,2774
26,2404
55,2928
61,2022
42,2871
23,2222
68,2860
30,2329
21,2078
67,2330
64,2087
40,2105
37,2931
27,2649
24,2291
37,2220
26,2935
23,2671
61,2236
39,2498
56,2124
57,2627
43,2620
32,2702
27,2830
61,2736
48,2090
60,2774
27,2967
21,2477
50,2118
38,2236
22,2626
68,2592
60,2672
23,2616
63,2966
38,2963
47,2077
23,2314
68,2297
53,2672
39,2672
67,2986
38,2305
25,2813
56,2220
45,2224
35,2203
25,2089
40,2863
38,2403
25,2248
33,2256
22,2264
49,2826
31,2841
34,2450
22,2803
27,2398
42,2077
61,2527
46,2865
52,2662
47,2078
53,2280
36,2458
40,2851
27,2343
48,2478
59,2294
38,2834
61,2098
47,2679
22,2094
39,2337
39,2120
30,2205
45,2802
31,2941
33,2505
57,2550
41,2834
30,2143
65,2743
45,2753
52,2120
68,2113
54,2473
22,2291
63,2691
68,2526
49,2866
56,2268
39,2366
37,2452
21,2168
44,2913
42,2638
65,2806
33,2208
37,2605
47,2330
52,2730
29,2980
51,2518
37,2944
51,2912
31,2701
23,2601
53,2424
56,2448
43,2654
23,2786
60,2479
48,2908
44,2428
44,2662
54,2846
26,2898
54,2807
62,2547
43,2348
66,2012
45,2611
30,2373
23,2615
33,2980
30,2606
24,2563
44,2028
68,2719
47,2363
53,2228
35,2704
66,2242
39,2725
29,2786
27,2110
66,2870
53,2667
36,2054
46,2238
59,2028
23,2450
32,2757
21,2074
24,2141
43,2321
28,2860
44,2837
57,2833
27,2268
25,2208
25,2634
57,2284
67,2406
26,2683
58,2900
66,2369
24,2736
31,2042
31,2671
22,2071
52,2339
46,2140
54,2402
21,2380
40,2715
66,2580
65,2411
28,2816
61,2692
37,2953
24,2740
47,2759
28,2885
60,2456
49,2447
22,2421
39,2816
46,2063
38,2824
46,2377
35,2459
50,2153
39,2011
21,2188
34,2682
53,2584
54,2851
29,2116
56,2455
68,2125
59,2557
23,2362
39,2784
63,2975
66,2705
53,2093
46,2432
26,2477
29,2946
53,2918
40,2727
31,2987
35,2594
37,2132
51,2974
65,2228
65,2691
50,2448
54,2140
65,2480
57,2071
65,2107
29,2418
51,2108
66,2958
43,2332
44,2641
65,2225
66,2563
40,2998
61,2005
47,2324
46,2625
46,2793
29,2960
36,2886
49,2822
43,2569
42,2473
38,2233
32,2715
37,2740
53,2111
43,2902
47,2065
33,2468
38,2720
59,2368
25,2369
43,2437
53,2127
44,2857
39,2701
62,2291
52,2810
64,2939
30,2907
52,2943
42,2576
39,2175
35,2924
37,2742
28,2889
68,2414
67,2131
51,2370
37,2341
62,2680
64,2436
26,2948
54,2228
38,2626
31,2515
34,2652
52,2986
59,2344
68,2166
35,2732
67,2128
36,2200
67,2958
40,2632
22,2763
55,2551
33,2468
53,2719
43,2423
59,2152
58,2437
58,2696
40,2637
43,2083
56,2679
36,2974
48,2786
35,2736
57,2140
50,2461
45,2289
61,2285
66,2104
42,2806
65,2872
35,2883
67,2791
36,2166
48,2673
34,2587
42,2870
50,2345
27,2976
31,2197
48,2740
47,2657
56,2213
31,2649
64,2409
30,2775
28,2512
23,2149
40,2039
67,2537
45,2645
30,2772
36,2358
33,2817
66,2013
45,2990
66,2368
24,2527
61,2474
42,2500
52,2230
25,2724
59,2450
59,2830
65,2091
34,2244
47,2304
25,2576
35,2977
35,2149
32,2159
42,2875
41,2114
54,2857
38,2503
57,2159
23,2517
27,2913
60,2644
32,2340
62,2210
31,2768
41,2821
45,2212
55,2592
51,2643
68,2630
48,2241
53,2884
63,2453
61,2337
52,2886
68,2238
62,2445
25,2693
36,2245
26,2130
43,2181
35,2219
60,2206
27,2036
42,2578
46,2090
34,2971
25,2981
53,2896
45,2827
50,2212
47,2835
32,2931
42,2143
22,2211
60,2169
36,2243
62,2524
57,2507
23,2702
35,2785
28,2405
33,2065
44,2218
37,2753
31,2155
65,2324
43,2835
54,2758
42,2711
42,2172
28,2301
55,2963
42,2274
64,2641
27,2595
31,2065
22,2459
64,2883
58,2896
44,2319
41,2995
25,2839
50,2926
61,2415
45,2221
27,2768
31,2942
28,2551
23,2801
48,2475
39,2031
21,2991
60,2160
60,2973
32,2989
29,2395
33,2802
61,2978
63,2533
52,2055
33,2796
31,2085
57,2165
59,2340
30,2158
67,2695
33,2588
61,2606
57,2060
65,2908
35,2298
66,2364
43,2182
23,2050
66,2947
63,2020
56,2935
67,2176
25,2391
35,2244
32,2687
54,2665
56,2480
25,2657
64,2286
39,2453
31,2913
57,2875
54,2442
55,2656
49,2189
33,2125
22,2705
35,2908
27,2171
26,2381
52,2315
26,2059
42,2254
41,2551
43,2479
68,2961
41,2967
65,2856
24,2140
48,2113
21,2436
24,2822
32,2852
43,2155
38,2279
56,2706
55,2163
65,2394
60,2216
26,2195
33,2625
61,2421
38,2357
37,2758
44,2178
60,2936
40,2391
50,2075
51,2410
52,2977
59,2418
65,2878
38,2950
36,2941
63,2740
38,2639
48,2021
47,2329
58,2869
64,2548
59,2270
61,2862
27,2407
48,2523
28,2384
52,2993
59,2066
45,2444
63,2547
66,2326
45,2792
45,2691
59,2630
36,2001
48,2117
27,2635
66,2776
47,2589
40,2356
46,2667
55,2115
36,2361
47,2568
68,2786
61,2337
31,2731
53,2750
68,2145
28,2095
42,2774
35,2852
56,2767
26,2816
57,2204
62,2927
29,2762
44,2116
36,2839
38,2476
38,2744
46,2796
41,2597
45,2663
44,2047
30,2596
56,2914
35,2329
53,2394
40,2277
62,2753
56,2514
47,2759
66,2262
48,2380
57,2163
58,2097
25,2134
35,2346
62,2398
23,2601
54,2583
66,2978
34,2004
61,2915
28,2499
34,2656
45,2653
28,2902
38,2771
21,2816
21,2617
28,2222
66,2671
50,2825
32,2008
31,2782
40,2941
68,2819
34,2063
64,2163
44,2119
30,2803
28,2521
49,2398
24,2321
55,2250
27,2112
25,2607
63,2943
30,2813
52,2253
58,2288
34,2743
53,2665
33,2345
23,2407
32,2365
45,2904
42,2646
29,2539
33,2816
68,2086
61,2244
67,2778
47,2206
48,2263
21,2529
61,2055
65,2443
38,2223
59,2803
45,2535
31,2514
50,2427
53,2067
33,2364
51,2671
29,2293
66,2257
68,2051
53,2072
38,2936
52,2139
41,2501
41,2908
68,2193
